evt,player_id_2,id,perceived_at,game_id,event_type,event_index,inning,top_of_inning,outs_before_play,batter_id,batter_team_id,pitcher_id,pitcher_team_id,home_score,away_score,home_strike_count,away_strike_count,batter_count,pitches,total_strikes,total_balls,total_fouls,is_leadoff,is_pinch_hit,lineup_position,is_last_event_for_plate_appearance,bases_hit,runs_batted_in,is_sacrifice_hit,is_sacrifice_fly,outs_on_play,is_double_play,is_triple_play,is_wild_pitch,batted_ball_type,is_bunt,errors_on_play,batter_base_after_play,is_last_game_event,event_text,additional_context,season,day,parsing_error,parsing_error_list,fixed_error,fixed_error_list,home_ball_count,away_ball_count,away_base_count,home_base_count,tournament,game_id-2,day-2,season-2,last_game_event,home_odds,away_odds,weather,series_index,series_length,is_postseason,home_team,away_team,home_score-2,away_score-2,number_of_innings,ended_on_top_of_inning,ended_in_shame,terminology_id,rules_id,statsheet_id,winning_pitcher_id,losing_pitcher_id,tournament-2,outcomes,team_roster_id,team_id,position_id,valid_from,valid_until,player_id,position_type_id,tournament-3,id-2,player_id-2,valid_from-2,valid_until-2,player_name,deceased,hash,anticapitalism,base_thirst,buoyancy,chasiness,coldness,continuation,divinity,ground_friction,indulgence,laserlikeness,martyrdom,moxie,musclitude,omniscience,overpowerment,patheticism,ruthlessness,shakespearianism,suppression,tenaciousness,thwackability,tragicness,unthwackability,watchfulness,pressurization,cinnamon,total_fingers,soul,fate,peanut_allergy,armor,bat,ritual,coffee,blood,url_slug,tournament-4,evolution,batting_rating,pitching_rating,baserunning_rating,defense_rating
Reality flickers in the feedback. Things look different ... Thomas Kirby is now up to bat.,c0177f76-67fc-4316-b650-894159dede45,83895,2020-08-24 19:19:30.21,9b26923f-63e1-4cee-b99d-4774346eac85,SINGLE,53,6,False,2,f73009c5-2ede-4dc4-b96d-84ba93c8a429,ca3f1c8c-c025-4d8e-8eef-5be6accbeb16,042962c8-4d8b-44a6-b854-6ccef3d82716,b024e975-1c4a-4575-8936-a3754a08806a,5,0,3,3,0,"{B,X}",0,2,0,False,False,0,True,1,0,False,False,0,False,False,False,UNKNOWN,False,0,1,False,"{""Reality flickers in the feedback. Things look different ... Thomas Kirby is now up to bat."",""Ball. 2-0"",""Thomas Kirby hits a Single!""}",NULL,3,3,False,{},False,{},4,4,4,4,-1,9b26923f-63e1-4cee-b99d-4774346eac85,3,3,NULL,0.541813,0.458187,12,1,3,False,ca3f1c8c-c025-4d8e-8eef-5be6accbeb16,b024e975-1c4a-4575-8936-a3754a08806a,7,0,8,True,False,b67e9bbb-1495-4e1b-b517-f1444b0a6c8b,4ae9d46a-5408-460a-84fb-cbd8d03fff6c,e8a7ebd7-5802-4e36-a0fc-a406ff7ec3fc,c182f33c-aea5-48a2-97ed-dc74fa29b3c0,042962c8-4d8b-44a6-b854-6ccef3d82716,-1,"{""Paula Mason and Thomas Kirby switched teams in the feedback!""}",36780,b024e975-1c4a-4575-8936-a3754a08806a,2,2020-07-30 19:14:38.651,2020-08-24 19:23:46.18,f73009c5-2ede-4dc4-b96d-84ba93c8a429,0,-1,154529,f73009c5-2ede-4dc4-b96d-84ba93c8a429,2020-08-09 07:23:36.613,2020-08-30 07:25:59.724,Thomas Kirby,False,80e7c10b-1e12-867b-06a8-0f8bb24efbf0,0.43742601419279,0.329132891238831,0.289741250799223,0.939115628980737,0.595615934495115,0.758611850151808,0.831742883493471,0.57602822458879,0.476367015715254,0.242735400937032,0.295197718000257,0.908540933587591,0.373174356273905,0.837400745567063,0.076576814853493,0.826574963050801,0.320937138881012,0.49397810973328,0.765199803473345,0.29700622358326,0.241696516689142,0.1,0.850394295590982,0.497130500656114,0.627094178976612,0.740273517698414,10,7,89,True,,,Getting taped up,5,12,thomas-kirby,-1,0,-1,-1,-1,-1
Reality flickers in the feedback. Things look different ... Penelope Mathews is now up to bat.,80de2b05-e0d4-4d33-9297-9951b2b5c950,99103,2020-08-25 06:19:12.262,ae931be2-ce6c-4cca-9ecb-74b5d147cc06,WALK,53,5,True,1,0c83e3b6-360e-4b7d-85e3-d906633c9ca0,36569151-a2fb-43c1-9df7-2df512424c82,2da49de2-34e5-49d0-b752-af2a2ee061be,7966eb04-efcc-499b-8f03-d13916330531,2,7,3,3,0,"{F,B,B,B}",1,4,1,False,False,0,True,0,0,False,False,0,False,False,False,NULL,False,0,0,False,"{""Reality flickers in the feedback. Things look different ... Penelope Mathews is now up to bat."",""Foul Ball. 1-1"",""Ball. 2-1"",""Ball. 3-1"",""Penelope Mathews draws a walk.""}",NULL,3,14,False,{},False,{},4,4,4,4,-1,ae931be2-ce6c-4cca-9ecb-74b5d147cc06,14,3,NULL,0.406469,0.593531,12,3,3,False,7966eb04-efcc-499b-8f03-d13916330531,36569151-a2fb-43c1-9df7-2df512424c82,2,10,8,False,False,b67e9bbb-1495-4e1b-b517-f1444b0a6c8b,4ae9d46a-5408-460a-84fb-cbd8d03fff6c,ee33b38c-fd99-43cc-bc76-9d5e262cb6b8,18af933a-4afa-4cba-bda5-45160f3af99b,2da49de2-34e5-49d0-b752-af2a2ee061be,-1,"{""Alyssa Harrell and Penelope Mathews switched teams in the feedback!""}",36430,7966eb04-efcc-499b-8f03-d13916330531,5,2020-07-29 08:12:22.438,2020-08-25 06:21:44.203,0c83e3b6-360e-4b7d-85e3-d906633c9ca0,0,-1,154634,0c83e3b6-360e-4b7d-85e3-d906633c9ca0,2020-08-09 07:23:37.234,2020-08-30 07:26:01.225,Penelope Mathews,False,c248202c-f50f-20fa-21c4-46f155d33ca6,0.087054392604818,0.918918325974117,0.014614751225635,0.265004519975029,0.386184125169985,0.513706264844488,0.024266083498529,0.397766479809083,0.081939214228912,0.617046887734073,0.881738241184197,0.777969355869741,0.11951611913953,0.77178177086907,0.842170710504179,0.462458900549666,0.682849062395471,0.919439622495061,0.453223350978606,0.398548847695954,0.408653198804909,0.1,0.619836331250102,0.362619399676982,0.929792610740477,0.008005292524627,10,2,72,True,,,Whispering,11,1,penelope-mathews,-1,0,-1,-1,-1,-1
Reality flickers in the feedback. Things look different ... Valentine Games is now up to bat.,90c2cec7-0ed5-426a-9de8-754f34d59b39,107351,2020-08-25 16:18:11.811,1e475551-41d7-488c-a420-4007ec93e89d,WALK,59,7,True,0,c675fcdf-6117-49a6-ac32-99a89a3a88aa,a37f9158-7f82-46bc-908c-c9e2dda7c33b,f70dd57b-55c4-4a62-a5ea-7cc4bf9d8ac1,8d87c468-699a-47a8-b40d-cfb73a5660ad,4,3,3,3,0,"{C,B,B,F,B}",2,4,1,False,False,0,True,0,0,False,False,0,False,False,False,NULL,False,0,0,False,"{""Reality flickers in the feedback. Things look different ... Valentine Games is now up to bat."",""Strike, looking. 1-2"",""Ball. 2-2"",""Ball. 3-2"",""Foul Ball. 3-2"",""Valentine Games draws a walk.""}",NULL,3,24,False,{},False,{},4,4,4,4,-1,1e475551-41d7-488c-a420-4007ec93e89d,24,3,NULL,0.51269,0.48731,12,1,3,False,8d87c468-699a-47a8-b40d-cfb73a5660ad,a37f9158-7f82-46bc-908c-c9e2dda7c33b,4,3,8,True,False,b67e9bbb-1495-4e1b-b517-f1444b0a6c8b,4ae9d46a-5408-460a-84fb-cbd8d03fff6c,5b16cadd-c129-4c95-bf39-b5966339b125,f70dd57b-55c4-4a62-a5ea-7cc4bf9d8ac1,f4a5d734-0ade-4410-abb6-c0cd5a7a1c26,-1,"{""Tot Fox and Valentine Games switched teams in the feedback!""}",36476,8d87c468-699a-47a8-b40d-cfb73a5660ad,1,2020-07-29 08:12:22.438,2020-08-25 16:28:28.018,c675fcdf-6117-49a6-ac32-99a89a3a88aa,0,-1,154718,c675fcdf-6117-49a6-ac32-99a89a3a88aa,2020-08-09 07:23:37.743,2020-08-30 07:25:57.893,Valentine Games,False,b1601ebd-a9cd-d84a-aafa-caf7387608d6,0.378523163252801,0.357400973716063,0.537787365255064,0.300280233921331,0.230650493532215,1.04711943488835,0.70223257176634,1.10590129828414,0.916069244710095,0.768519633607987,1.0060244673126,0.770397296791986,1.12798586587868,1.17625306360935,0.93612186840484,0.527732291346289,0.768268557458621,0.447571234448329,0.756858566480691,0.537808694597797,0.525198844161879,0.1,0.641396564742897,0.274515719447306,0.268440880173828,0.805553968495108,11,2,86,False,,,Blacking out,9,12,valentine-games,-1,0,-1,-1,-1,-1
Reality flickers in the feedback. Things look different ... Joe Voorhees is now up to bat.,bd4c6837-eeaa-4675-ae48-061efa0fd11a,101572,2020-08-25 19:08:15.438,db128017-3264-439d-9366-04189b7a58ab,SINGLE,23,2,False,0,1f145436-b25d-49b9-a1e3-2d3c91626211,bfd38797-8404-4b38-8b82-341da28b1f83,a691f2ba-9b69-41f8-892c-1acd42c336e4,eb67ae5e-c4bf-46ca-bbbc-425cd34182ff,0,4,3,3,0,{X},0,0,0,False,False,0,True,1,0,False,False,0,False,False,False,UNKNOWN,False,0,1,False,"{""Reality flickers in the feedback. Things look different ... Joe Voorhees is now up to bat."",""Joe Voorhees hits a Single!""}",NULL,3,27,False,{},False,{},4,4,4,4,-1,db128017-3264-439d-9366-04189b7a58ab,27,3,NULL,0.390312,0.609688,12,1,3,False,bfd38797-8404-4b38-8b82-341da28b1f83,eb67ae5e-c4bf-46ca-bbbc-425cd34182ff,4,12,8,False,False,b67e9bbb-1495-4e1b-b517-f1444b0a6c8b,4ae9d46a-5408-460a-84fb-cbd8d03fff6c,1c85f144-5f3a-41b0-833f-0c96b8d4e3e3,a691f2ba-9b69-41f8-892c-1acd42c336e4,36786f44-9066-4028-98d9-4fa84465ab9e,-1,"{""Workman Gloom and Joe Voorhees switched teams in the feedback!""}",36729,eb67ae5e-c4bf-46ca-bbbc-425cd34182ff,4,2020-07-29 08:12:22.438,2020-08-25 19:15:35.994,1f145436-b25d-49b9-a1e3-2d3c91626211,0,-1,154989,1f145436-b25d-49b9-a1e3-2d3c91626211,2020-08-09 19:27:45.1,2020-08-30 07:26:00.228,Joe Voorhees,False,cf992f81-9ed0-fc3d-0e83-aa90c4810e45,0.931758198053109,0.449222325422796,0.465355083406534,0.522413867810437,0.297294580352672,0.557437943450791,0.907038565719862,0.132435347464467,0.900314628385167,0.507115849898283,0.450451587638519,0.368163205671209,0.031664221589624,0.727675918023932,0.980948336064848,0.121517181024099,0.279910676495001,0.226085787452102,0.272800712438027,0.894865882097868,0.257590476196375,0.1,0.719711514207545,0.30333794047095,0.057226705184829,0.860742461993834,10,9,44,True,,,Synchronizing,10,9,joe-voorhees,-1,0,-1,-1,-1,-1
Reality flickers in the feedback. Things look different ... Avila Guzman is now up to bat.,bbf9543f-f100-445a-a467-81d7aab12236,112675,2020-08-26 03:17:47.365,470e4879-bfc1-42a7-84a6-855ed65c1c05,WALK,54,7,True,1,8cf78b49-d0ca-4703-88e8-4bcad26c44b1,b63be8c2-576a-4d6e-8daf-814f8bcea96f,c6a277c3-d2b5-4363-839b-950896a5ec5e,105bc3ff-1320-4e37-8ef0-8d595cb95dd0,2,0,3,3,0,"{B,B}",0,4,0,False,False,0,True,0,0,False,False,0,False,False,False,NULL,False,0,0,False,"{""Reality flickers in the feedback. Things look different ... Avila Guzman is now up to bat."",""Ball. 3-0"",""Avila Guzman draws a walk.""}",NULL,3,35,False,{},False,{},4,4,4,4,-1,470e4879-bfc1-42a7-84a6-855ed65c1c05,35,3,NULL,0.432968,0.567032,12,3,3,False,105bc3ff-1320-4e37-8ef0-8d595cb95dd0,b63be8c2-576a-4d6e-8daf-814f8bcea96f,2,1,8,True,False,b67e9bbb-1495-4e1b-b517-f1444b0a6c8b,4ae9d46a-5408-460a-84fb-cbd8d03fff6c,71183bf3-9157-4afb-9412-4df50bff5d06,c6a277c3-d2b5-4363-839b-950896a5ec5e,af6b3edc-ed52-4edc-b0c9-14e0a5ae0ee3,-1,"{""Farrell Seagull and Avila Guzman switched teams in the feedback!""}",36277,105bc3ff-1320-4e37-8ef0-8d595cb95dd0,2,2020-07-29 08:12:22.438,2020-08-26 03:21:04.279,8cf78b49-d0ca-4703-88e8-4bcad26c44b1,0,-1,155017,8cf78b49-d0ca-4703-88e8-4bcad26c44b1,2020-08-09 19:27:46.717,2020-08-30 07:25:57.372,Avila Guzman,False,9ae04aaf-a261-88e2-bfd6-f796cea707c2,0.901958989795779,0.136919707588497,0.396923130314608,0.692325778639229,0.070863317898825,0.232864461996319,1.0260928090772,0.285473297245089,0.86953873432684,1.03337592270162,0.41464934025796,0.959524559305861,0.726664291248018,0.899746769095446,0.056214715112461,0.598296962287115,0.100722911551169,0.933441603395497,0.63844544385601,0.266779391020346,0.079091535834146,0.1,0.161059426486136,0.779020833527875,0.539655192748736,0.869231132155598,10,4,29,False,,,Summoning circle,6,12,avila-guzman,-1,0,-1,-1,-1,-1
Reality flickers in the feedback. Things look different ... Yeong-Ho Benitez is now up to bat.,06ced607-7f96-41e7-a8cd-b501d11d1a7e,111443,2020-08-26 04:11:43.64,f6391c28-c342-4772-bf6a-bf82e86b53ed,STRIKEOUT,30,3,False,2,ecb8d2f5-4ff5-4890-9693-5654e00055f6,23e4cbc1-e9cd-47fa-a35b-bfa06f726cb7,d2d76815-cbdc-4c4b-9c9e-32ebf2297cc7,9debc64f-74b7-4ae1-a4d6-fce0144b6ea5,1,1,3,3,0,"{C,B,B,C,S}",3,2,0,False,False,0,True,0,0,False,False,1,False,False,False,NULL,False,0,0,False,"{""Reality flickers in the feedback. Things look different ... Yeong-Ho Benitez is now up to bat."",""Strike, looking. 0-1"",""Ball. 1-1"",""Ball. 2-1"",""Strike, looking. 2-2"",""Yeong-Ho Benitez struck out swinging.""}",NULL,3,36,False,{},False,{},4,4,4,4,-1,f6391c28-c342-4772-bf6a-bf82e86b53ed,36,3,NULL,0.540032,0.459968,12,1,3,False,23e4cbc1-e9cd-47fa-a35b-bfa06f726cb7,9debc64f-74b7-4ae1-a4d6-fce0144b6ea5,5,7,8,False,False,b67e9bbb-1495-4e1b-b517-f1444b0a6c8b,4ae9d46a-5408-460a-84fb-cbd8d03fff6c,2b0c38de-b548-4fd2-8feb-bfd1644e5e69,d2d76815-cbdc-4c4b-9c9e-32ebf2297cc7,2ae8cbfc-2155-4647-9996-3f2591091baf,-1,"{""Morrow Wilson and Yeong-Ho Benitez switched teams in the feedback!""}",36531,9debc64f-74b7-4ae1-a4d6-fce0144b6ea5,6,2020-07-29 08:12:22.438,2020-08-26 04:21:38.294,ecb8d2f5-4ff5-4890-9693-5654e00055f6,0,-1,154876,ecb8d2f5-4ff5-4890-9693-5654e00055f6,2020-08-09 07:23:38.236,2020-08-30 07:26:00.713,Yeong-Ho Benitez,False,6c0c6cbb-c433-42eb-f495-62adb1658a98,0.249941914730319,0.768815804456167,0.246921964822006,0.49319926028123,0.005193130644668,0.253815416927908,0.545948807696137,0.304472750689132,0.568768812607591,0.017536401563844,0.876391433753283,0.297245001265891,0.240178582562796,0.851563114655277,0.330503974462973,0.576229828054337,0.661832092625046,0.25949893762176,0.248012782107189,0.508781852625212,0.308462122454667,0.1,0.113489911016273,0.012065678382094,0.548516250138737,0.747830107114747,10,6,14,True,,,Blacking out,6,9,yeongho-benitez,-1,0,-1,-1,-1,-1
Reality flickers in the feedback. Things look different ... Spears Taylor is now up to bat.,083d09d4-7ed3-4100-b021-8fbe30dd43e8,108506,2020-08-26 10:00:38.646,4d247607-b807-494b-a3dc-6cd973cad336,OUT,2,0,True,2,13a05157-6172-4431-947b-a058217b4aa5,747b8e4a-7e50-4638-a973-ea7950a3e739,b082ca6e-eb11-4eab-8d6a-30f8be522ec4,23e4cbc1-e9cd-47fa-a35b-bfa06f726cb7,0,0,3,3,0,"{B,B,S,B,X}",1,3,0,False,False,0,True,0,0,False,False,1,False,False,False,GROUNDER,False,0,0,False,"{""Reality flickers in the feedback. Things look different ... Spears Taylor is now up to bat."",""Ball. 1-0"",""Ball. 2-0"",""Strike, swinging. 2-1"",""Ball. 3-1"",""Spears Taylor hit a ground out to Peanut Holloway.""}",NULL,3,42,False,{},False,{},4,4,4,4,-1,4d247607-b807-494b-a3dc-6cd973cad336,42,3,NULL,0.380535,0.619465,12,1,3,False,23e4cbc1-e9cd-47fa-a35b-bfa06f726cb7,747b8e4a-7e50-4638-a973-ea7950a3e739,3,1,9,False,True,b67e9bbb-1495-4e1b-b517-f1444b0a6c8b,4ae9d46a-5408-460a-84fb-cbd8d03fff6c,c0ce2d31-cdbc-4578-8f13-a12b4dffafab,b082ca6e-eb11-4eab-8d6a-30f8be522ec4,2720559e-9173-4042-aaa0-d3852b72ab2e,-1,"{""Jessica Telephone and Spears Taylor switched teams in the feedback!""}",36302,23e4cbc1-e9cd-47fa-a35b-bfa06f726cb7,2,2020-07-29 08:12:22.438,2020-08-26 10:10:24.291,13a05157-6172-4431-947b-a058217b4aa5,0,-1,154685,13a05157-6172-4431-947b-a058217b4aa5,2020-08-09 07:23:37.743,2020-08-30 07:26:02.26,Spears Taylor,False,beb025a3-ce93-f737-7b89-4dc963403d17,0.949184484777315,0.01,0.70929499903703,0.80364973093481,0.117866509132459,0.671499286762633,0.136376030891363,0.238615939471198,0.727708179773038,0.099845660706994,0.563423435876502,0.393354505130081,0.634543356843676,0.396934451431547,0.01,0.640439099199945,0.51552822417446,0.130668533127487,0.456526428038479,0.804012384964312,0.206521716299824,0.1,0.252485628140122,0.774447927890257,0.741863202610898,0.664727890008887,11,8,5,True,,,Playing pranks,13,4,spears-taylor,-1,0,-1,-1,-1,-1
Reality flickers in the feedback. Things look different ... Vito Kravitz is now up to bat.,75f9d874-5e69-438d-900d-a3fcb1d429b3,120526,2020-08-26 21:18:44.675,be9bd446-ae97-46eb-bee3-ce6c793d615b,OUT,40,5,True,0,2e13249e-38ff-46a2-a55e-d15fa692468a,878c1bf6-0d21-4659-bfee-916c8314d69c,24f6829e-7bb4-4e1e-8b59-a07514657e72,3f8bbb15-61c0-4e3f-8e4a-907a5fb1565e,2,1,3,3,0,"{C,B,B,X}",1,2,0,False,False,0,True,0,0,False,False,1,False,False,False,GROUNDER,False,0,0,False,"{""Reality flickers in the feedback. Things look different ... Vito Kravitz is now up to bat."",""Strike, looking. 0-1"",""Ball. 1-1"",""Ball. 2-1"",""Vito Kravitz hit a ground out to Caligula Lotus.""}",NULL,3,53,False,{},False,{},4,4,4,4,-1,be9bd446-ae97-46eb-bee3-ce6c793d615b,53,3,NULL,0.600662,0.399338,12,3,3,False,3f8bbb15-61c0-4e3f-8e4a-907a5fb1565e,878c1bf6-0d21-4659-bfee-916c8314d69c,2,3,8,False,False,b67e9bbb-1495-4e1b-b517-f1444b0a6c8b,4ae9d46a-5408-460a-84fb-cbd8d03fff6c,66d36ad6-c6ae-4056-ac3f-c07ffb206de1,f741dc01-2bae-4459-bfc0-f97536193eea,24f6829e-7bb4-4e1e-8b59-a07514657e72,-1,"{""Moses Mason and Vito Kravitz switched teams in the feedback!""}",36816,3f8bbb15-61c0-4e3f-8e4a-907a5fb1565e,8,2020-08-07 07:12:30.605,2020-08-26 21:33:59.432,2e13249e-38ff-46a2-a55e-d15fa692468a,0,-1,154590,2e13249e-38ff-46a2-a55e-d15fa692468a,2020-08-09 07:23:37.02,2020-08-30 07:25:58.947,Vito Kravitz,False,0ed21312-528f-1957-3763-bebca7922880,0.837532361517352,0.186240534809295,0.274225558276544,0.169418353209396,0.754734016965395,0.322932660075383,0.171729710922094,0.030046107211242,0.862773840206909,0.171638042867219,0.878831557257088,0.257970323942518,0.308460372986439,0.836549824137734,0.231390187991249,0.744257552328485,0.379010868748045,0.036281101320649,0.493120797410062,0.653938777872395,0.327768284154599,0.1,0.433820259048832,0.85167988169838,0.387348725516309,0.232773834783968,10,4,16,False,,,Blood transfusion,11,1,vito-kravitz,-1,0,-1,-1,-1,-1
Reality flickers in the feedback. Things look different ... Hotbox Sato is now up to bat.,18798b8f-6391-4cb2-8a5f-6fb540d646d5,127078,2020-08-27 01:10:07.424,450e7233-bfc1-4239-8e57-360e442947b1,WALK,25,2,False,0,2175cda0-a427-40fd-b497-347edcc1cd61,bfd38797-8404-4b38-8b82-341da28b1f83,dfd5ccbb-90ed-4bfe-83e0-dae9cc763f10,3f8bbb15-61c0-4e3f-8e4a-907a5fb1565e,2,2,3,3,0,"{B,B,C,B}",1,4,0,False,False,0,True,0,0,False,False,0,False,False,False,NULL,False,0,0,False,"{""Reality flickers in the feedback. Things look different ... Hotbox Sato is now up to bat."",""Ball. 2-0"",""Ball. 3-0"",""Strike, looking. 3-1"",""Hotbox Sato draws a walk.""}",NULL,3,57,False,{},False,{},4,4,4,4,-1,450e7233-bfc1-4239-8e57-360e442947b1,57,3,NULL,0.430748,0.569252,12,1,3,False,bfd38797-8404-4b38-8b82-341da28b1f83,3f8bbb15-61c0-4e3f-8e4a-907a5fb1565e,8,3,8,True,False,b67e9bbb-1495-4e1b-b517-f1444b0a6c8b,4ae9d46a-5408-460a-84fb-cbd8d03fff6c,8be620cc-f4ce-44e3-a080-0145362c0ef6,36786f44-9066-4028-98d9-4fa84465ab9e,36786f44-9066-4028-98d9-4fa84465ab9e,-1,"{""Morrow Doyle and Hotbox Sato switched teams in the feedback!""}",36794,3f8bbb15-61c0-4e3f-8e4a-907a5fb1565e,0,2020-08-03 23:24:34.914,2020-08-27 01:14:59.173,2175cda0-a427-40fd-b497-347edcc1cd61,0,-1,154586,2175cda0-a427-40fd-b497-347edcc1cd61,2020-08-09 07:23:37.02,2020-08-30 07:26:00.228,Hotbox Sato,False,f0850d29-bf1c-4593-20f3-0451060257c2,0.273733462146969,0.612177328543006,0.661371201433028,0.35188334290123,0.250015841793978,0.086209613302238,0.073162618105305,0.643203398437657,0.357516397371509,0.079658881580403,0.417154449673717,0.041800780026202,0.993570077384294,0.298659634221154,0.759325863595535,0.590833125463081,0.089249560950363,0.792104353612753,0.133032039797472,0.824978415672591,0.617422065304477,0.1,0.50759010446224,0.291962127192989,0.909802670093528,0.913944167561018,10,9,82,False,,,Research,13,11,hotbox-sato,-1,0,-1,-1,-1,-1
Reality flickers in the feedback. Things look different ... Baldwin Breadwinner is now up to bat.,c755efce-d04d-4e00-b5c1-d801070d3808,141753,2020-08-28 11:10:35.074,968f7d96-ca35-45ac-ab68-4e1e541605fe,STRIKEOUT,27,3,False,1,e4034192-4dc6-4901-bb30-07fe3cf77b5e,979aee4a-6d80-4863-bf1c-ee1a78e06024,0bb35615-63f2-4492-80ec-b6b322dc5450,878c1bf6-0d21-4659-bfee-916c8314d69c,1,1,3,3,0,{S},3,1,0,False,False,0,True,0,0,False,False,1,False,False,False,NULL,False,0,0,False,"{""Reality flickers in the feedback. Things look different ... Baldwin Breadwinner is now up to bat."",""Baldwin Breadwinner struck out swinging.""}",NULL,3,81,False,{},False,{},4,4,4,4,-1,968f7d96-ca35-45ac-ab68-4e1e541605fe,81,3,NULL,0,0,12,1,3,False,979aee4a-6d80-4863-bf1c-ee1a78e06024,878c1bf6-0d21-4659-bfee-916c8314d69c,0,0,0,True,False,b67e9bbb-1495-4e1b-b517-f1444b0a6c8b,4ae9d46a-5408-460a-84fb-cbd8d03fff6c,0c0d8a13-0af6-4e5e-9cb6-d2afb42aa19b,a5f8ce83-02b2-498c-9e48-533a1d81aebf,0bb35615-63f2-4492-80ec-b6b322dc5450,-1,{},36455,878c1bf6-0d21-4659-bfee-916c8314d69c,5,2020-07-29 08:12:22.438,2020-08-28 11:16:51.602,e4034192-4dc6-4901-bb30-07fe3cf77b5e,0,-1,155050,e4034192-4dc6-4901-bb30-07fe3cf77b5e,2020-08-12 22:10:51.203,2020-08-28 15:19:34.297,Baldwin Breadwinner,False,99e34803-d3cf-5603-a1a2-7810e2f8c1df,1,0.920939175149553,0.601755105778919,0.208334702293168,0.966027606715976,0.078967145135609,0.802972285566651,0.964294859728209,0.872376828336776,0.554740667251218,0.964079408758461,0.485234911600495,0.880608000254283,0.515126705436386,0.054979596004362,0.791529881887444,0.552225286141827,0.807872664130932,0.630980998585343,0.075474037708273,0.049724958975286,0.1,0.743073084125119,0.846632275820759,0.516830024567993,0.869123923174917,10,8,39,True,,,Gaming,7,6,baldwin-breadwinner,-1,0,-1,-1,-1,-1
Reality flickers in the feedback. Things look different ... Halexandrey Walton is now up to bat.,e16c3f28-eecd-4571-be1a-606bbac36b2b,238050,2020-09-04 17:25:08.697,52803254-f7d7-4d65-bce6-4a8521b574ce,OUT,74,10,True,2,03b80a57-77ea-4913-9be4-7a85c3594745,878c1bf6-0d21-4659-bfee-916c8314d69c,b6aa8ce8-2587-4627-83c1-2a48d44afaee,7966eb04-efcc-499b-8f03-d13916330531,1,1,3,3,0,{X},2,1,0,False,False,0,True,0,0,False,False,1,False,False,False,GROUNDER,False,0,0,False,"{""Reality flickers in the feedback. Things look different ... Halexandrey Walton is now up to bat."",""Halexandrey Walton hit a ground out to Washer Barajas.""}",NULL,4,97,False,{},False,{},4,4,4,4,-1,52803254-f7d7-4d65-bce6-4a8521b574ce,97,4,NULL,0.614636,0.385364,12,2,3,False,7966eb04-efcc-499b-8f03-d13916330531,878c1bf6-0d21-4659-bfee-916c8314d69c,4,1,10,False,True,b67e9bbb-1495-4e1b-b517-f1444b0a6c8b,4ae9d46a-5408-460a-84fb-cbd8d03fff6c,2bcbf925-7d63-4849-b236-841eca8f4201,b6aa8ce8-2587-4627-83c1-2a48d44afaee,a1ed3396-114a-40bc-9ff0-54d7e1ad1718,-1,"{""Wyatt Glover and Halexandrey Walton switched teams in the feedback!""}",36971,878c1bf6-0d21-4659-bfee-916c8314d69c,0,2020-09-04 17:25:08.697,2021-04-11 18:16:51.067,03b80a57-77ea-4913-9be4-7a85c3594745,0,-1,155677,03b80a57-77ea-4913-9be4-7a85c3594745,2020-08-30 19:18:22.658,2020-09-04 17:34:48.475,Halexandrey Walton,False,60e14470-bd7b-372b-1dd7-24d9856f6485,0.88471583760761,0.8169721532214,0.737054510310743,0.945224297303933,0.102539295114307,0.497205147910367,0.481765101151155,0.465069261720309,0.414165780997462,0.111585669733095,0.504684517387613,0.787962624316213,0.334003079396088,0.652326705013936,0.408258937821318,0.306167262039527,0.790386881950962,0.490163757011282,0.664396490029953,0.694313748315073,0.148519157121489,0.1,0.2650836206491,0.037627711371172,0.953000053969409,0.430736256173023,10,7,75,True,,,Essential oils,7,9,halexandrey-walton,-1,0,-1,-1,-1,-1
Reality flickers in the feedback. Things look different ... Wyatt Owens is now pitching.,8903a74f-f322-41d2-bd75-dbf7563c4abb,254784,2020-09-08 09:22:42.134,2c18eb1d-2c53-46c8-893e-b80858e34e65,OUT,67,7,False,2,0d5300f6-0966-430f-903f-a4c2338abf00,878c1bf6-0d21-4659-bfee-916c8314d69c,21d52455-6c2c-4ee4-8673-ab46b4b926b4,b63be8c2-576a-4d6e-8daf-814f8bcea96f,5,4,3,3,0,"{B,F,B,C,X}",2,2,1,False,False,0,True,0,0,False,False,1,False,False,False,GROUNDER,False,0,0,False,"{""Wyatt Dovenpart batting for the Tacos."",""Reality flickers in the feedback. Things look different ... Wyatt Owens is now pitching."",""Ball. 1-0"",""Foul Ball. 1-1"",""Ball. 2-1"",""Strike, looking. 2-2"",""Wyatt Dovenpart hit a ground out to Logan Horseman.""}",NULL,5,17,False,{},False,{},4,4,4,4,-1,2c18eb1d-2c53-46c8-893e-b80858e34e65,17,5,NULL,0.535191,0.464809,12,3,3,False,878c1bf6-0d21-4659-bfee-916c8314d69c,b63be8c2-576a-4d6e-8daf-814f8bcea96f,5,4,8,True,False,b67e9bbb-1495-4e1b-b517-f1444b0a6c8b,4ae9d46a-5408-460a-84fb-cbd8d03fff6c,6ddc118d-5ce5-45e8-b731-7296fc49a1e3,a1ed3396-114a-40bc-9ff0-54d7e1ad1718,8903a74f-f322-41d2-bd75-dbf7563c4abb,-1,"{""Francisca Sasquatch and Wyatt Owens switched teams in the feedback!""}",36799,878c1bf6-0d21-4659-bfee-916c8314d69c,0,2020-08-04 10:16:54.374,2020-09-08 09:46:53.883,21d52455-6c2c-4ee4-8673-ab46b4b926b4,1,-1,155234,21d52455-6c2c-4ee4-8673-ab46b4b926b4,2020-08-30 07:25:58.947,2020-09-08 09:35:00.607,Wyatt Owens,False,514559d0-0263-4421-8353-75c01a336518,1,0.33325445909423,0.745670320078328,0.364315601910522,0.078675420893418,0.71038512461796,0.187730200463866,0.05123135001768,0.043426478214435,0.930183651661734,0.201266235323172,0.18037278574404,0.328089869519791,0.817867956800141,0.144775464855219,0.93047172471768,0.298336206665751,0.324218584518126,0.975192348707961,0.873772223289081,0.068736920507518,0.1,0.681094171955323,0.595076750335852,0.712972273591063,0.886209611359444,10,5,12,True,,,Coloring,9,3,wyatt-owens,-1,0,-1,-1,-1,-1
Reality flickers in the feedback. Things look different ... Fish Summer is now up to bat.,d4a10c2a-0c28-466a-9213-38ba3339b65e,254451,2020-09-08 10:15:01.169,e4c22521-6654-4c5c-8c7e-faf193bc8499,FIELDERS_CHOICE,42,4,False,1,d89da2d2-674c-4b85-8959-a4bd406f760a,eb67ae5e-c4bf-46ca-bbbc-425cd34182ff,7aeb8e0b-f6fb-4a9e-bba2-335dada5f0a3,747b8e4a-7e50-4638-a973-ea7950a3e739,1,2,3,3,0,{},1,0,0,False,False,0,True,0,0,False,False,1,False,False,False,NULL,False,0,0,False,"{""Reality flickers in the feedback. Things look different ... Fish Summer is now up to bat."",""Fish Summer reaches on fielder's choice. Eugenia Garbage out at second base.""}",NULL,5,18,False,{},False,{},4,4,4,4,-1,e4c22521-6654-4c5c-8c7e-faf193bc8499,18,5,NULL,0.261638,0.738362,12,1,3,False,eb67ae5e-c4bf-46ca-bbbc-425cd34182ff,747b8e4a-7e50-4638-a973-ea7950a3e739,5,2,8,True,False,b67e9bbb-1495-4e1b-b517-f1444b0a6c8b,4ae9d46a-5408-460a-84fb-cbd8d03fff6c,a9bab2f9-5bb4-4ab7-9d4f-069b67af20d0,d8742d68-8fce-4d52-9a49-f4e33bd2a6fc,7aeb8e0b-f6fb-4a9e-bba2-335dada5f0a3,-1,"{""Richmond Harrison and Fish Summer switched teams in the feedback!""}",36990,eb67ae5e-c4bf-46ca-bbbc-425cd34182ff,8,2020-09-08 10:14:59.978,2021-03-21 18:01:11.630594,d89da2d2-674c-4b85-8959-a4bd406f760a,0,-1,155731,d89da2d2-674c-4b85-8959-a4bd406f760a,2020-08-30 19:18:24.173,2020-09-08 10:30:00.685,Fish Summer,False,1aa22b64-76ca-0c84-7836-d5775d518b44,0.734705921012835,0.501981317694411,0.885056788414295,0.210872250201733,0.637203755103826,0.770359763185847,0.808850641330159,0.654301087930962,0.753369168572978,0.438273199892713,0.420204690875916,0.536037027006585,0.544731712599569,0.141678743963456,0.378449175137686,0.114427250417782,0.208151693784761,0.311666283667633,0.137952573156122,0.404989655422564,0.702258736224268,0.1,0.018686223922771,0.175023249885464,0.760997807255214,0.777730259303156,10,6,26,False,,,Having an epiphany,2,4,fish-summer,-1,0,-1,-1,-1,-1
Reality flickers in the feedback. Things look different ... Conrad Vaughan is now up to bat.,c675fcdf-6117-49a6-ac32-99a89a3a88aa,263230,2020-09-08 13:26:52.878,5e8fac84-2982-4a68-a62b-961b60b5c7d2,STOLEN_BASE,75,6,False,2,5dbf11c0-994a-4482-bd1e-99379148ee45,a37f9158-7f82-46bc-908c-c9e2dda7c33b,81d7d022-19d6-427d-aafc-031fcb79b29e,36569151-a2fb-43c1-9df7-2df512424c82,13,7,3,3,0,{},2,0,0,False,False,0,False,0,0,False,False,0,False,False,False,NULL,False,0,0,False,"{""Reality flickers in the feedback. Things look different ... Conrad Vaughan is now up to bat."",""Nagomi Mcdaniel steals second base!""}",NULL,5,21,False,{},False,{},4,4,4,4,-1,5e8fac84-2982-4a68-a62b-961b60b5c7d2,21,5,NULL,0.400067,0.599932,12,1,3,False,a37f9158-7f82-46bc-908c-c9e2dda7c33b,36569151-a2fb-43c1-9df7-2df512424c82,13,8,8,True,False,b67e9bbb-1495-4e1b-b517-f1444b0a6c8b,4ae9d46a-5408-460a-84fb-cbd8d03fff6c,0e04d2f5-33a4-40c9-9bbf-df86b25fa241,b348c037-eefc-4b81-8edd-dfa96188a97e,81d7d022-19d6-427d-aafc-031fcb79b29e,-1,"{""Valentine Games and Conrad Vaughan switched teams in the feedback!""}",36895,36569151-a2fb-43c1-9df7-2df512424c82,5,2020-09-01 18:22:59.326,2020-09-08 13:29:12.397,5dbf11c0-994a-4482-bd1e-99379148ee45,0,-1,155701,5dbf11c0-994a-4482-bd1e-99379148ee45,2020-08-30 19:18:23.156,2020-09-08 13:33:05.362,Conrad Vaughan,False,da1aa724-d35d-4110-8156-bdc8d27b2732,0.318823603920153,0.14436528311494,0.766862660373132,0.767519621454667,0.914781040877473,0.065315770199116,0.263270747923646,0.007319845361143,0.949715958107185,0.457314336577577,0.458911406004094,0.884471251216523,0.927703535396468,0.370320795418506,0.360103353590684,0.485363104542289,0.993382368379977,0.308625809348489,0.052889529888794,0.769171165497368,0.730964959691447,0.1,0.411833187517842,0.6619553804932,0.432453153347887,0.722076746171085,10,7,82,True,,,Photography,5,9,conrad-vaughan,-1,0,-1,-1,-1,-1
Reality flickers in the feedback. Things look different ... Lachlan Shelton is now up to bat.,248ccf3d-d5f6-4b69-83d9-40230ca909cd,262320,2020-09-08 14:22:08.6,8ff9a6a0-394d-4188-86bc-fd5e2461ba76,OUT,61,8,True,0,9f85676a-7411-444a-8ae2-c7f8f73c285c,bfd38797-8404-4b38-8b82-341da28b1f83,a691f2ba-9b69-41f8-892c-1acd42c336e4,eb67ae5e-c4bf-46ca-bbbc-425cd34182ff,1,1,3,3,0,"{F,C,X}",2,1,1,False,False,0,True,0,0,False,False,1,False,False,False,GROUNDER,False,0,0,False,"{""Reality flickers in the feedback. Things look different ... Lachlan Shelton is now up to bat."",""Foul Ball. 1-1"",""Strike, looking. 1-2"",""Lachlan Shelton hit a ground out to Simon Haley.""}",NULL,5,22,False,{},False,{},4,4,4,4,-1,8ff9a6a0-394d-4188-86bc-fd5e2461ba76,22,5,NULL,0.450098,0.549902,12,2,3,False,eb67ae5e-c4bf-46ca-bbbc-425cd34182ff,bfd38797-8404-4b38-8b82-341da28b1f83,1,2,8,False,False,b67e9bbb-1495-4e1b-b517-f1444b0a6c8b,4ae9d46a-5408-460a-84fb-cbd8d03fff6c,c370481f-401a-48ca-ad48-845dcb53b6cf,36786f44-9066-4028-98d9-4fa84465ab9e,a691f2ba-9b69-41f8-892c-1acd42c336e4,-1,"{""Antonio Wallace and Lachlan Shelton switched teams in the feedback!""}",36994,bfd38797-8404-4b38-8b82-341da28b1f83,3,2020-09-08 14:22:08.6,2020-09-23 11:04:30.76,9f85676a-7411-444a-8ae2-c7f8f73c285c,0,-1,155507,9f85676a-7411-444a-8ae2-c7f8f73c285c,2020-08-30 07:26:01.744,2020-09-08 14:30:01.104,Lachlan Shelton,False,8b3e75ca-05ba-0893-ad66-eb95c83e2b2a,0.771247241603099,0.48076036821411,0.643071395149096,0.386315250290352,0.232275943787322,0.862307773623038,0.337439948487382,1.01171320750087,0.441211138804472,0.337696763593719,0.960808918594681,0.025387795082115,0.751559205578142,0.085486127796603,0.080408737444652,0.739533086929616,0.612876021780977,0.999740844221961,0.638169689854867,0.59358896266017,0.138957378843615,0.1,0.309362897420818,0.583700429404843,0.825023824642662,0.236915892673219,10,8,83,False,,,Napping,9,10,lachlan-shelton,-1,0,-1,-1,-1,-1
Reality flickers in the feedback. Things look different ... Collins Melon is now up to bat.,d8ee256f-e3d0-46cb-8c77-b1f88d8c9df9,263814,2020-09-09 08:01:00.044,db48a413-420d-47ba-a12c-47fafb3432ed,OUT,2,0,True,2,ef9f8b95-9e73-49cd-be54-60f84858a285,a37f9158-7f82-46bc-908c-c9e2dda7c33b,ceb8f8cd-80b2-47f0-b43e-4d885fa48aa4,9debc64f-74b7-4ae1-a4d6-fce0144b6ea5,0,0,3,3,0,{X},0,0,0,False,False,0,True,0,0,False,False,1,False,False,False,GROUNDER,False,0,0,False,"{""Reality flickers in the feedback. Things look different ... Collins Melon is now up to bat."",""Collins Melon hit a ground out to Reese Clark.""}",NULL,5,40,False,{},False,{},4,4,4,4,-1,db48a413-420d-47ba-a12c-47fafb3432ed,40,5,NULL,0.340195,0.659805,12,2,3,False,9debc64f-74b7-4ae1-a4d6-fce0144b6ea5,a37f9158-7f82-46bc-908c-c9e2dda7c33b,2,1,8,False,True,b67e9bbb-1495-4e1b-b517-f1444b0a6c8b,4ae9d46a-5408-460a-84fb-cbd8d03fff6c,8c4bb7ac-f583-481c-bab3-3db3f6acc181,ceb8f8cd-80b2-47f0-b43e-4d885fa48aa4,0295c6c2-b33c-47dd-affa-349da7fa1760,-1,"{""Comfort Septemberish and Collins Melon switched teams in the feedback!""}",37000,a37f9158-7f82-46bc-908c-c9e2dda7c33b,2,2020-09-09 08:01:00.044,2021-03-11 08:24:49.029499,ef9f8b95-9e73-49cd-be54-60f84858a285,0,-1,155738,ef9f8b95-9e73-49cd-be54-60f84858a285,2020-08-30 20:49:10.544,2020-09-09 08:35:00.744,Collins Melon,False,a0407caa-534a-edf9-6d90-644a91cfa82d,0.687006452771409,0.777640249550612,0.012754368633456,0.371634602971831,0.916138820677956,0.385582371099424,0.306910013825396,0.491968978804933,0.961104205804881,0.973668501454132,0.772089602872117,0.810799539923965,0.393592941465455,0.752650625410588,0.458096649965616,0.646730847545914,0.731718676449227,0.573784237656948,0.23804831825622,0.549552794231406,0.301172058557716,0.1,0.651562694867131,0.937824456064267,0.109937686259313,0.509462541019501,10,5,19,True,,,Yoga,12,8,collins-melon,-1,0,-1,-1,-1,-1
Reality flickers in the feedback. Things look different ... Randall Marijuana is now up to bat.,cf8e152e-2d27-4dcc-ba2b-68127de4e6a4,271878,2020-09-09 11:01:48.779,2b5f24f8-2cbc-44aa-9785-a31594cfccaa,WALK,3,0,True,2,8604e861-d784-43f0-b0f8-0d43ea6f7814,a37f9158-7f82-46bc-908c-c9e2dda7c33b,20fd71e7-4fa0-4132-9f47-06a314ed539a,f02aeae2-5e6a-4098-9842-02d2273f25c7,0,0,3,3,0,"{B,B}",1,4,0,False,False,0,True,0,0,False,False,0,False,False,False,NULL,False,0,0,False,"{""Reality flickers in the feedback. Things look different ... Randall Marijuana is now up to bat."",""Ball. 3-1"",""Randall Marijuana draws a walk.""}",NULL,5,43,False,{},False,{},4,4,4,4,-1,2b5f24f8-2cbc-44aa-9785-a31594cfccaa,43,5,NULL,0.388193,0.611807,12,2,3,False,f02aeae2-5e6a-4098-9842-02d2273f25c7,a37f9158-7f82-46bc-908c-c9e2dda7c33b,6,7,8,False,False,b67e9bbb-1495-4e1b-b517-f1444b0a6c8b,4ae9d46a-5408-460a-84fb-cbd8d03fff6c,c9f689ec-bcb0-42f3-9083-36e639ea2a1f,f4a5d734-0ade-4410-abb6-c0cd5a7a1c26,20fd71e7-4fa0-4132-9f47-06a314ed539a,-1,"{""Hendricks Richardson and Randall Marijuana switched teams in the feedback!""}",36751,f02aeae2-5e6a-4098-9842-02d2273f25c7,1,2020-07-29 08:12:22.438,2020-09-09 11:01:52.769,8604e861-d784-43f0-b0f8-0d43ea6f7814,0,-1,155769,8604e861-d784-43f0-b0f8-0d43ea6f7814,2020-08-30 20:49:14.864,2020-09-09 11:30:01.22,Randall Marijuana,False,d43eaf42-53e9-ed38-4e9e-f035ea1105ac,0.293623920619801,0.213071120906535,0.649548064654797,0.570085792057652,0.031930335282104,0.787597679031486,1.04506828314391,0.599822498755677,0.074701936541639,0.377957003830774,0.24519520009886,0.973286284730012,0.541306006069604,0.756899900514704,0.04028115908543,0.150041727807619,0.265823277848001,0.152246893110118,0.686164038867228,0.33457729985519,0.773714165202428,0.1,0.614625940116993,0.901325160112936,0.529216929166782,0.608520681068867,10,9,12,True,,,Going bananas,11,3,randall-marijuana,-1,0,-1,-1,-1,-1
Reality flickers in the feedback. Things look different ... Andrew Solis is now up to bat.,c675fcdf-6117-49a6-ac32-99a89a3a88aa,276068,2020-09-09 18:16:07.371,07ca2a61-e7a2-4c49-826e-177be1072c5c,OUT,47,5,False,1,f38c5d80-093f-46eb-99d6-942aa45cd921,36569151-a2fb-43c1-9df7-2df512424c82,ceb8f8cd-80b2-47f0-b43e-4d885fa48aa4,9debc64f-74b7-4ae1-a4d6-fce0144b6ea5,2,2,3,3,0,{X},2,0,0,False,False,0,True,0,0,False,False,1,False,False,False,GROUNDER,False,0,0,False,"{""Reality flickers in the feedback. Things look different ... Andrew Solis is now up to bat."",""Andrew Solis hit a ground out to Alexandria Rosales.""}",NULL,5,50,False,{},False,{},4,4,4,4,-1,07ca2a61-e7a2-4c49-826e-177be1072c5c,50,5,NULL,0.608195,0.391805,12,3,3,False,36569151-a2fb-43c1-9df7-2df512424c82,9debc64f-74b7-4ae1-a4d6-fce0144b6ea5,12,4,8,True,False,b67e9bbb-1495-4e1b-b517-f1444b0a6c8b,4ae9d46a-5408-460a-84fb-cbd8d03fff6c,031f284c-5b92-423c-9e17-5ca3e225abe7,ae4acebd-edb5-4d20-bf69-f2d5151312ff,ceb8f8cd-80b2-47f0-b43e-4d885fa48aa4,-1,"{""Valentine Games and Andrew Solis switched teams in the feedback!""}",37003,36569151-a2fb-43c1-9df7-2df512424c82,5,2020-09-09 18:16:07.371,2021-04-06 05:23:34.256,f38c5d80-093f-46eb-99d6-942aa45cd921,0,-1,155600,f38c5d80-093f-46eb-99d6-942aa45cd921,2020-08-30 19:18:18.412,2020-09-09 18:35:01.002,Andrew Solis,False,040bf466-9d7e-4fe5-2119-4db2b78102f0,0.376155959659159,0.254265149187551,0.918736115483321,0.401414668494582,0.40954989562193,0.503212958351034,0.798483492449416,0.399044274469391,0.898716092530569,0.849369937244468,0.205516853537357,0.269556714006006,0.796489031312726,0.710971206494126,0.79052663225369,0.000111464193789,0.736219778189481,0.837221207394603,0.272190565973614,0.805124731920736,0.540329921206794,0.1,0.666337159198956,0.289552354367887,0.434766282919936,0.643788592343209,10,7,2,False,,,Hyperbolic time chamber,6,12,andrew-solis,-1,0,-1,-1,-1,-1
Reality flickers in the feedback. Things look different ... Alexander Horne is now up to bat.,126fb128-7c53-45b5-ac2b-5dbf9943d71b,279951,2020-09-10 04:02:53.084,4df5f5a4-f0c5-4af4-928d-9a50c8c4296c,FIELDERS_CHOICE,7,0,False,1,c9e4a49e-e35a-4034-a4c7-293896b40c58,b72f3061-f573-40d7-832a-5ad475bd7909,5703141c-25d9-46d0-b680-0cf9cfbf4777,f02aeae2-5e6a-4098-9842-02d2273f25c7,1,0,3,3,0,{},0,1,0,False,False,0,True,0,0,False,False,1,False,False,False,NULL,False,0,0,False,"{""Reality flickers in the feedback. Things look different ... Alexander Horne is now up to bat."",""Alexander Horne reaches on fielder's choice. Kennedy Meh out at third base.""}",NULL,5,60,False,{},False,{},4,4,4,4,-1,4df5f5a4-f0c5-4af4-928d-9a50c8c4296c,60,5,NULL,0.572446,0.427554,12,1,3,False,b72f3061-f573-40d7-832a-5ad475bd7909,f02aeae2-5e6a-4098-9842-02d2273f25c7,4,0,8,True,False,b67e9bbb-1495-4e1b-b517-f1444b0a6c8b,4ae9d46a-5408-460a-84fb-cbd8d03fff6c,a11a88d7-0039-4647-952d-3639f8cfb757,3c331c87-1634-46c4-87ce-e4b9c59e2969,5703141c-25d9-46d0-b680-0cf9cfbf4777,-1,"{""Sigmund Castillo and Alexander Horne switched teams in the feedback!""}",36802,f02aeae2-5e6a-4098-9842-02d2273f25c7,5,2020-08-04 17:18:04.997,2020-09-10 04:02:55.689,c9e4a49e-e35a-4034-a4c7-293896b40c58,0,-1,155513,c9e4a49e-e35a-4034-a4c7-293896b40c58,2020-08-30 07:26:01.744,2020-09-10 04:30:00.527,Alexander Horne,False,38746111-9267-12ee-1b92-a5b68c6b8ef3,0.650735981607926,0.359537627838723,0.046763952177483,0.442626355588043,0.513155757174163,0.729885531999466,0.370194980454411,0.580249008814421,0.953493339145563,0.6980528706948,0.670238720873386,0.613177154907929,0.070442296660674,0.92002291829767,0.151930467972966,0.435271518130851,0.319184774555676,0.502553032979131,0.469098295582328,0.508428599730376,0.316965458498704,0.1,0.523927270700192,0.168297083457782,0.725807241207326,0.662345573797975,10,6,26,False,,,Mourning,7,12,alexander-horne,-1,0,-1,-1,-1,-1
Reality flickers in the feedback. Things look different ... Hahn Fox is now up to bat.,7a75d626-d4fd-474f-a862-473138d8c376,297924,2020-09-10 23:11:01.505,a64bd09f-4b82-4802-93e1-e5615e1ebddf,OUT,29,3,True,0,f0bcf4bb-74b3-412e-a54c-04c12ad28ecb,3f8bbb15-61c0-4e3f-8e4a-907a5fb1565e,9820f2c5-f9da-4a07-b610-c2dd7bee2ef6,b63be8c2-576a-4d6e-8daf-814f8bcea96f,2,2,3,3,0,{X},0,0,0,False,False,0,True,0,0,False,False,1,False,False,False,GROUNDER,False,0,0,False,"{""Reality flickers in the feedback. Things look different ... Hahn Fox is now up to bat."",""Hahn Fox hit a ground out to Randy Dennis.""}",NULL,5,79,False,{},False,{},4,4,4,4,-1,a64bd09f-4b82-4802-93e1-e5615e1ebddf,79,5,NULL,0.396215,0.603785,12,2,3,False,b63be8c2-576a-4d6e-8daf-814f8bcea96f,3f8bbb15-61c0-4e3f-8e4a-907a5fb1565e,6,2,8,True,False,b67e9bbb-1495-4e1b-b517-f1444b0a6c8b,4ae9d46a-5408-460a-84fb-cbd8d03fff6c,f640f877-2f9e-4287-b021-316e34623b5d,9820f2c5-f9da-4a07-b610-c2dd7bee2ef6,a647388d-fc59-4c1b-90d3-8c1826e07775,-1,"{""Beck Whitney and Hahn Fox switched teams in the feedback!""}",36630,b63be8c2-576a-4d6e-8daf-814f8bcea96f,5,2020-07-29 08:12:22.438,2020-09-10 23:11:05.506,f0bcf4bb-74b3-412e-a54c-04c12ad28ecb,0,-1,155599,f0bcf4bb-74b3-412e-a54c-04c12ad28ecb,2020-08-30 19:18:18.412,2020-09-10 23:31:37.596,Hahn Fox,False,257522e6-d416-f045-c7d8-56cf7817af97,0.011128539524439,1.20920362882518,0.376523306647551,0.49888105878212,0.616815111024417,0.562787959097685,0.961065702693152,0.872340823946909,0.832188767514369,0.610215757905919,0.597895069090168,0.399341310670346,0.64677360171096,0.397383903408902,0.279655544235164,0.663771984382596,0.908716702284184,0.394694140179297,0.839924472365132,0.183975891213934,0.879348075226057,0.1,0.398943880657612,0.849235841895909,0.609797182834959,0.774506025109237,10,7,66,True,,,Kissing up to ownership,3,5,hahn-fox,-1,0,-1,-1,-1,-1
Reality flickers in the feedback. Things look different ... Alston Cerveza is now up to bat.,25f3a67c-4ed5-45b6-94b1-ce468d3ead21,307043,2020-09-11 01:15:27.808,3e69cd34-4371-435a-adae-390b5ff63d6b,OUT,44,5,False,0,611d18e0-b972-4cdd-afc2-793c56bfe5a9,eb67ae5e-c4bf-46ca-bbbc-425cd34182ff,b082ca6e-eb11-4eab-8d6a-30f8be522ec4,23e4cbc1-e9cd-47fa-a35b-bfa06f726cb7,3,0,3,3,0,{X},0,1,0,False,False,0,True,0,0,False,False,1,False,False,False,GROUNDER,False,0,0,False,"{""Reality flickers in the feedback. Things look different ... Alston Cerveza is now up to bat."",""Alston Cerveza hit a ground out to Hobbs Cain.""}",NULL,5,81,False,{},False,{},4,4,4,4,-1,3e69cd34-4371-435a-adae-390b5ff63d6b,81,5,NULL,0.474577,0.525423,12,1,3,False,eb67ae5e-c4bf-46ca-bbbc-425cd34182ff,23e4cbc1-e9cd-47fa-a35b-bfa06f726cb7,3,1,8,True,False,b67e9bbb-1495-4e1b-b517-f1444b0a6c8b,4ae9d46a-5408-460a-84fb-cbd8d03fff6c,a6d8ee96-707d-49e1-bf42-76e842a99682,e6502bc7-5b76-4939-9fb8-132057390b30,b082ca6e-eb11-4eab-8d6a-30f8be522ec4,-1,"{""Hobbs Cain and Alston Cerveza switched teams in the feedback!""}",37014,eb67ae5e-c4bf-46ca-bbbc-425cd34182ff,6,2020-09-11 01:15:27.808,2021-03-21 18:01:11.630594,611d18e0-b972-4cdd-afc2-793c56bfe5a9,0,-1,155992,611d18e0-b972-4cdd-afc2-793c56bfe5a9,2020-09-09 00:55:01.39,2020-09-11 01:32:46.669,Alston Cerveza,False,f592fef6-4456-99ec-d976-61f1bff27438,0.065990195858999,0.634761297074285,0.369506569982362,0.752664572936983,0.445024513938648,0.053282517573544,0.62332636168872,0.303020779470059,0.767593922413655,0.4024596940429,0.97639062294591,0.902630346297658,0.841732226303793,0.832971825512301,0.641708569470486,0.301542761663527,0.437294689168558,0.496751414110477,0.208426735487327,0.175415705029943,0.974984230689538,0.1,0.461212543949492,0.869230169482859,0.026243309951627,0.281410283444782,10,9,6,False,,,Planning an escape,6,1,alston-cerveza,-1,0,-1,-1,-1,-1
Reality flickers in the feedback. Things look different ... Joe Voorhees is now up to bat.,f56657d3-3bdc-4840-a20c-91aca9cc360e,366709,2020-09-17 04:36:19.498,f3f225cb-d933-4691-9f39-7ae0c9895f30,STOLEN_BASE,113,14,True,2,1f145436-b25d-49b9-a1e3-2d3c91626211,f02aeae2-5e6a-4098-9842-02d2273f25c7,e111a46d-5ada-4311-ac4f-175cca3357da,9debc64f-74b7-4ae1-a4d6-fce0144b6ea5,4,4,3,3,0,{},0,0,0,False,False,0,False,0,0,False,False,0,False,False,False,NULL,False,0,0,False,"{""Reality flickers in the feedback. Things look different ... Joe Voorhees is now up to bat."",""Nagomi Nava steals third base!""}",NULL,6,59,False,{},False,{},4,4,4,4,-1,f3f225cb-d933-4691-9f39-7ae0c9895f30,59,6,NULL,0.501877,0.498123,12,3,3,False,9debc64f-74b7-4ae1-a4d6-fce0144b6ea5,f02aeae2-5e6a-4098-9842-02d2273f25c7,6,4,14,False,True,b67e9bbb-1495-4e1b-b517-f1444b0a6c8b,4ae9d46a-5408-460a-84fb-cbd8d03fff6c,da6783f8-e5fe-44df-8298-25d386d95db8,e111a46d-5ada-4311-ac4f-175cca3357da,5703141c-25d9-46d0-b680-0cf9cfbf4777,-1,"{""Malik Romayne and Joe Voorhees switched teams in the feedback!""}",37071,f02aeae2-5e6a-4098-9842-02d2273f25c7,2,2020-09-17 04:36:17.956,2020-09-20 19:15:35.88,1f145436-b25d-49b9-a1e3-2d3c91626211,0,-1,156269,1f145436-b25d-49b9-a1e3-2d3c91626211,2020-09-13 20:55:47.37,2020-09-17 04:40:00.824,Joe Voorhees,False,3f7f8db8-88f8-5f05-4886-23310bb93360,0.731758198053109,0.249222325422796,0.215355083406534,0.322413867810437,0.197294580352672,0.357437943450791,0.657038565719862,0.01,0.700314628385167,0.307115849898283,0.200451587638519,0.118163205671209,0.01,0.527675918023932,0.880948336064848,0.371517181024099,0.179910676495001,0.126085787452102,0.172800712438027,0.694865882097868,0.01,0.1,0.619711514207545,0.10333794047095,0.057226705184829,0.790742461993834,12,9,44,True,,,Synchronizing,10,9,joe-voorhees,-1,0,-1,-1,-1,-1
Reality flickers in the feedback. Things look different ... Terrell Bradley is now up to bat.,80de2b05-e0d4-4d33-9297-9951b2b5c950,376670,2020-09-17 17:06:06.348,8f102d8f-6c03-4554-af43-0fcd9f03ef3b,STRIKEOUT,11,1,False,0,8a6fc67d-a7fe-443b-a084-744294cec647,7966eb04-efcc-499b-8f03-d13916330531,3a96d76a-c508-45a0-94a0-8f64cd6beeb4,979aee4a-6d80-4863-bf1c-ee1a78e06024,0,0,3,3,0,{C},3,1,0,False,False,0,True,0,0,False,False,1,False,False,False,NULL,False,0,0,False,"{""Reality flickers in the feedback. Things look different ... Terrell Bradley is now up to bat."",""Terrell Bradley strikes out looking.""}",NULL,6,72,False,{},False,{},4,4,4,4,-1,8f102d8f-6c03-4554-af43-0fcd9f03ef3b,72,6,NULL,0.595715,0.404285,12,1,3,False,7966eb04-efcc-499b-8f03-d13916330531,979aee4a-6d80-4863-bf1c-ee1a78e06024,7,6,8,True,False,b67e9bbb-1495-4e1b-b517-f1444b0a6c8b,4ae9d46a-5408-460a-84fb-cbd8d03fff6c,53433e45-b2d6-48a6-a760-ea86abd40627,09f2787a-3352-41a6-8810-d80e97b253b5,3a96d76a-c508-45a0-94a0-8f64cd6beeb4,-1,"{""Alyssa Harrell and Terrell Bradley switched teams in the feedback!""}",37076,7966eb04-efcc-499b-8f03-d13916330531,5,2020-09-17 17:06:06.348,2020-09-27 19:00:06.043756,8a6fc67d-a7fe-443b-a084-744294cec647,0,-1,156315,8a6fc67d-a7fe-443b-a084-744294cec647,2020-09-13 20:55:52.345,2020-09-17 17:35:00.612,Terrell Bradley,False,41964ab6-33de-d521-6099-3fb248c4345d,0.351512370750692,0.430620132456447,0.732491409714182,0.981914126136191,0.935985716841644,0.071008581974747,0.036845417233646,0.088227496450386,0.974140470147965,0.434186781041292,0.165298500783055,0.340195692189361,0.406775491513407,0.981195758962984,0.826813046107458,0.141391555502119,0.459764275634738,0.721346640202843,0.055967903201584,0.237337450806084,0.510114539728193,0.1,0.712285994905437,0.590316397917115,0.496657474604253,0.563349966792273,12,3,71,True,,,Glossolalia,1,2,terrell-bradley,-1,0,-1,-1,-1,-1
Reality flickers in the feedback. Things look different ... Lang Richardson is now up to bat.,7e9a514a-7850-4ed0-93ab-f3a6e2f41c03,419539,2020-09-22 12:20:37.772,ef8467c7-f9cf-4b8f-be68-216fd3f62852,TRIPLE,59,7,True,2,da0bbbe6-d13c-40cc-9594-8c476975d93d,23e4cbc1-e9cd-47fa-a35b-bfa06f726cb7,e3c514ae-f813-470e-9c91-d5baf5ffcf16,105bc3ff-1320-4e37-8ef0-8d595cb95dd0,2,6,3,3,0,"{B,B,C,S,X}",2,2,0,False,False,0,True,3,0,False,False,0,False,False,False,UNKNOWN,False,0,3,False,"{""Reality flickers in the feedback. Things look different ... Lang Richardson is now up to bat."",""Ball. 1-0"",""Ball. 2-0"",""Strike, looking. 2-1"",""Strike, swinging. 2-2"",""Lang Richardson hits a Triple!""}",NULL,7,20,False,{},False,{},4,4,4,4,-1,ef8467c7-f9cf-4b8f-be68-216fd3f62852,20,7,NULL,0.48204,0.51796,12,3,3,False,105bc3ff-1320-4e37-8ef0-8d595cb95dd0,23e4cbc1-e9cd-47fa-a35b-bfa06f726cb7,2,7,8,False,False,b67e9bbb-1495-4e1b-b517-f1444b0a6c8b,4ae9d46a-5408-460a-84fb-cbd8d03fff6c,a56e418c-3674-4616-8a9d-2c23db4ba5dd,b082ca6e-eb11-4eab-8d6a-30f8be522ec4,e3c514ae-f813-470e-9c91-d5baf5ffcf16,-1,"{""Nolanestophia Patterson flickers! Nolanestophia Patterson and Lang Richardson switched teams in the feedback!""}",37114,23e4cbc1-e9cd-47fa-a35b-bfa06f726cb7,6,2020-09-22 12:20:37.057,2020-10-11 02:23:59.998019,da0bbbe6-d13c-40cc-9594-8c476975d93d,0,-1,155989,da0bbbe6-d13c-40cc-9594-8c476975d93d,2020-09-09 00:55:00.919,2020-09-22 12:30:00.665,Lang Richardson,False,c67a5c81-7722-7bfe-fbca-f8505dfbf9c1,0.152893393268689,0.729069637850514,0.424103551384361,0.170509475020985,0.431413605088166,0.288528839903217,0.27625132224885,0.869589912887912,0.328865362627659,0.590702818543535,0.353987484586842,0.825079751602416,0.496373156315412,0.802461579269921,0.166319524734214,0.319211720987133,0.470165161762293,0.941907374261244,0.997398553021678,0.699821951838117,0.718151042947547,0.1,0.059928656152227,0.163776796145488,0.954205810190555,0.67420982180949,10,6,85,False,,,Running the bases backwards,13,11,lang-richardson,-1,0,-1,-1,-1,-1
Reality flickers in the feedback. Things look different ... Summers Pony is now up to bat.,733d80f1-2485-40f7-828b-fd7cd8243a01,419082,2020-09-22 18:19:59.18,57e6a459-904f-45e2-bbe1-f6e4f3f81473,STRIKEOUT,58,5,True,2,81a0889a-4606-4f49-b419-866b57331383,23e4cbc1-e9cd-47fa-a35b-bfa06f726cb7,c17a4397-4dcc-440e-8c53-d897e971cae9,b024e975-1c4a-4575-8936-a3754a08806a,5,10,3,3,0,"{B,B,S,S}",3,3,0,False,False,0,True,0,0,False,False,1,False,False,False,NULL,False,0,0,False,"{""Reality flickers in the feedback. Things look different ... Summers Pony is now up to bat."",""Ball. 2-1"",""Ball. 3-1"",""Strike, swinging. 3-2"",""Summers Pony struck out swinging.""}",NULL,7,26,False,{},False,{},4,4,4,4,-1,57e6a459-904f-45e2-bbe1-f6e4f3f81473,26,7,NULL,0.500091,0.499909,12,3,3,False,b024e975-1c4a-4575-8936-a3754a08806a,23e4cbc1-e9cd-47fa-a35b-bfa06f726cb7,5,12,8,False,False,b67e9bbb-1495-4e1b-b517-f1444b0a6c8b,4ae9d46a-5408-460a-84fb-cbd8d03fff6c,4a067a37-2832-41be-bc26-b02d96a08e84,60026a9d-fc9a-4f5a-94fd-2225398fa3da,c17a4397-4dcc-440e-8c53-d897e971cae9,-1,"{""Rai Spliff flickers! Rai Spliff and Summers Pony switched teams in the feedback!""}",36958,b024e975-1c4a-4575-8936-a3754a08806a,6,2020-09-04 10:20:12.8,2020-09-22 18:20:00.542,81a0889a-4606-4f49-b419-866b57331383,0,-1,156611,81a0889a-4606-4f49-b419-866b57331383,2020-09-18 21:20:00.665,2020-09-22 18:35:00.681,Summers Pony,False,aa84af1c-f691-bda7-2bbf-90629ba0a4a0,0.147636117628526,1.03588612529184,0.639761012494388,0.536094196758527,0.884535799094957,0.297226801652804,0.94889609026356,1.12714005875876,0.704012424508646,0.20488551882323,1.09485622017977,0.528893175182992,0.912118630980618,0.950949931207206,0.847175018479209,0.736131133444481,1.06956396534739,0.433910908295247,0.463326029982723,0.613386008776856,0.418866132749654,0.1,0.547115139229553,0.589050734479937,0.648452284870361,0.898583964864741,10,4,27,False,,,Fist-fighting the sea,5,8,summers-pony,-1,0,-1,-1,-1,-1
Reality flickers in the feedback. Things look different ... Cedric Spliff is now up to bat.,86adac6f-c694-44ac-9560-758de7eac937,433076,2020-09-23 09:14:43.110253,f3a353d3-8592-482b-b383-b014df0c5a60,OUT,48,4,False,1,c31d874c-1b4d-40f2-a1b3-42542e934047,eb67ae5e-c4bf-46ca-bbbc-425cd34182ff,6f9de777-e812-4c84-915c-ef283c9f0cde,105bc3ff-1320-4e37-8ef0-8d595cb95dd0,4,5,3,3,0,"{C,B,X}",1,1,0,False,False,0,True,0,0,False,False,1,False,False,False,GROUNDER,False,0,0,False,"{""Reality flickers in the feedback. Things look different ... Cedric Spliff is now up to bat."",""Strike, looking. 0-1"",""Ball. 1-1"",""Cedric Spliff hit a ground out to Nolanestophia Patterson.""}",NULL,7,41,False,{},False,{},4,4,4,4,-1,f3a353d3-8592-482b-b383-b014df0c5a60,41,7,NULL,0.451723,0.548277,12,3,3,False,eb67ae5e-c4bf-46ca-bbbc-425cd34182ff,105bc3ff-1320-4e37-8ef0-8d595cb95dd0,7,6,9,False,True,b67e9bbb-1495-4e1b-b517-f1444b0a6c8b,4ae9d46a-5408-460a-84fb-cbd8d03fff6c,c366c976-7cd0-40d3-8d31-8923d918691c,a691f2ba-9b69-41f8-892c-1acd42c336e4,6f9de777-e812-4c84-915c-ef283c9f0cde,-1,"{""Quack Enjoyable flickers! Quack Enjoyable and Cedric Spliff switched teams in the feedback!""}",36962,105bc3ff-1320-4e37-8ef0-8d595cb95dd0,1,2020-09-04 11:20:11.206,2020-09-23 09:14:46.010955,c31d874c-1b4d-40f2-a1b3-42542e934047,0,-1,155618,c31d874c-1b4d-40f2-a1b3-42542e934047,2020-08-30 19:18:18.939,2020-09-23 09:33:43.869,Cedric Spliff,False,8d4ccf1c-ba4e-ec22-527f-3e6182cc64a1,0.170965542028287,0.985564291977409,0.518695753069171,0.481846282042788,0.74668555295684,0.482230388583736,0.11540348921956,0.785891795054403,0.477696595619663,0.268206537908726,0.291830600600625,0.22094725660026,0.340244019778446,0.995312869672346,0.995164755107433,0.133820675780807,0.501161188661964,0.183595084920901,0.622184865158041,0.004693329194886,0.384063000744312,0.1,0.278520103098062,0.762069730510522,0.682299775765956,0.206844785757076,10,6,84,True,,,Intermittent fasting,4,9,cedric-spliff,-1,0,-1,-1,-1,-1
Reality flickers in the feedback. Things look different ... Lachlan Shelton is now up to bat.,90768354-957e-4b4c-bb6d-eab6bbda0ba3,429937,2020-09-23 11:04:28.111624,3a320186-3936-468d-b060-b6b636e3c131,SACRIFICE,16,1,False,1,9f85676a-7411-444a-8ae2-c7f8f73c285c,eb67ae5e-c4bf-46ca-bbbc-425cd34182ff,5e4dfa16-f1b9-400f-b8ef-a1613c2b026a,bfd38797-8404-4b38-8b82-341da28b1f83,1,1,3,3,0,"{B,C,B}",1,3,0,False,False,0,True,0,1,True,False,1,False,False,False,NULL,False,0,0,False,"{""Reality flickers in the feedback. Things look different ... Lachlan Shelton is now up to bat."",""Ball. 2-0"",""Strike, looking. 2-1"",""Ball. 3-1"",""Beans McBlase  scores on the sacrifice.""}",NULL,7,43,False,{},False,{},4,4,4,4,-1,3a320186-3936-468d-b060-b6b636e3c131,43,7,NULL,0.59838,0.40162,12,2,3,False,eb67ae5e-c4bf-46ca-bbbc-425cd34182ff,bfd38797-8404-4b38-8b82-341da28b1f83,6,9,8,False,False,b67e9bbb-1495-4e1b-b517-f1444b0a6c8b,4ae9d46a-5408-460a-84fb-cbd8d03fff6c,47d20764-cb6e-4202-b098-01b3f56e50b2,5e4dfa16-f1b9-400f-b8ef-a1613c2b026a,9ba361a1-16d5-4f30-b590-fc4fc2fb53d2,-1,"{""Eugenia Garbage flickers! Eugenia Garbage and Lachlan Shelton switched teams in the feedback!"",""Eugenia Garbage flickers! Eugenia Garbage and Simon Haley switched teams in the feedback!""}",36994,bfd38797-8404-4b38-8b82-341da28b1f83,3,2020-09-08 14:22:08.6,2020-09-23 11:04:30.76,9f85676a-7411-444a-8ae2-c7f8f73c285c,0,-1,156368,9f85676a-7411-444a-8ae2-c7f8f73c285c,2020-09-15 20:10:00.618,2020-09-23 11:30:00.463,Lachlan Shelton,False,c87185d5-d008-0a2d-7525-e073a97fb5a3,0.791247241603099,0.40076036821411,0.663071395149096,0.406315250290352,0.252275943787322,0.782307773623038,0.357439948487382,0.931713207500872,0.361211138804473,0.25769676359372,0.980808918594681,0.045387795082115,0.771559205578142,0.105486127796603,0.100408737444652,0.719533086929616,0.632876021780977,1.01974084422196,0.658169689854867,0.61358896266017,0.158957378843615,0.1,0.329362897420818,0.603700429404843,0.825023824642662,0.236915892673219,11,8,85,False,,,Napping,9,10,lachlan-shelton,-1,0,-1,-1,-1,-1
Reality flickers in the feedback. Things look different ... Simon Haley is now up to bat.,90768354-957e-4b4c-bb6d-eab6bbda0ba3,434394,2020-09-23 11:19:26.110273,3a320186-3936-468d-b060-b6b636e3c131,WALK,61,6,True,1,020ed630-8bae-4441-95cc-0e4ecc27253b,bfd38797-8404-4b38-8b82-341da28b1f83,9ba361a1-16d5-4f30-b590-fc4fc2fb53d2,eb67ae5e-c4bf-46ca-bbbc-425cd34182ff,6,5,3,3,0,"{B,B,C,B}",1,4,0,False,False,0,True,0,0,False,False,0,False,False,False,NULL,False,0,0,False,"{""Reality flickers in the feedback. Things look different ... Simon Haley is now up to bat."",""Ball. 2-0"",""Ball. 3-0"",""Strike, looking. 3-1"",""Simon Haley draws a walk.""}",NULL,7,43,False,{},False,{},4,4,4,4,-1,3a320186-3936-468d-b060-b6b636e3c131,43,7,NULL,0.59838,0.40162,12,2,3,False,eb67ae5e-c4bf-46ca-bbbc-425cd34182ff,bfd38797-8404-4b38-8b82-341da28b1f83,6,9,8,False,False,b67e9bbb-1495-4e1b-b517-f1444b0a6c8b,4ae9d46a-5408-460a-84fb-cbd8d03fff6c,47d20764-cb6e-4202-b098-01b3f56e50b2,5e4dfa16-f1b9-400f-b8ef-a1613c2b026a,9ba361a1-16d5-4f30-b590-fc4fc2fb53d2,-1,"{""Eugenia Garbage flickers! Eugenia Garbage and Lachlan Shelton switched teams in the feedback!"",""Eugenia Garbage flickers! Eugenia Garbage and Simon Haley switched teams in the feedback!""}",36936,eb67ae5e-c4bf-46ca-bbbc-425cd34182ff,0,2020-09-03 17:34:32.163,2020-09-23 11:19:27.192,020ed630-8bae-4441-95cc-0e4ecc27253b,0,-1,155474,020ed630-8bae-4441-95cc-0e4ecc27253b,2020-08-30 07:26:01.744,2020-09-23 11:30:00.218796,Simon Haley,False,fb745324-27e5-cf62-c24d-da2242c92834,0.302316891773389,0.727854727262254,0.798403207925229,0.066735989635678,0.44477550649032,0.475675828758725,0.668784786269595,0.527487374702323,0.879439948337961,0.834368105277332,0.542696981765628,0.332473386501798,0.024493913004657,0.016212957447514,0.347304109196367,0.99,0.01,0.167008208445733,0.628963944816225,0.375824097700712,0.128579559954593,0.1,0.338932204344675,0.224988601816619,0.531280184880911,0.82264894400006,11,6,14,True,,,Rain dance,10,2,simon-haley,-1,0,-1,-1,-1,-1
Reality flickers in the feedback. Things look different ... Allison Abbott is now up to bat.,c0177f76-67fc-4316-b650-894159dede45,437011,2020-09-23 23:03:43.12518,3dc0e14a-e1ed-4109-a199-efdd4971ffea,WALK,9,1,True,0,1068f44b-34a0-42d8-a92e-2be748681a6f,b024e975-1c4a-4575-8936-a3754a08806a,e3c514ae-f813-470e-9c91-d5baf5ffcf16,105bc3ff-1320-4e37-8ef0-8d595cb95dd0,1,0,3,3,0,"{F,B,B,B,F,B}",2,4,2,False,False,0,True,0,0,False,False,0,False,False,False,NULL,False,0,0,False,"{""Reality flickers in the feedback. Things look different ... Allison Abbott is now up to bat."",""Foul Ball. 0-1"",""Ball. 1-1"",""Ball. 2-1"",""Ball. 3-1"",""Foul Ball. 3-2"",""Allison Abbott draws a walk.""}",NULL,7,55,False,{},False,{},4,4,4,4,-1,3dc0e14a-e1ed-4109-a199-efdd4971ffea,55,7,NULL,0.442924,0.557076,12,2,3,False,105bc3ff-1320-4e37-8ef0-8d595cb95dd0,b024e975-1c4a-4575-8936-a3754a08806a,8,9,8,False,False,b67e9bbb-1495-4e1b-b517-f1444b0a6c8b,4ae9d46a-5408-460a-84fb-cbd8d03fff6c,71b82c3a-4298-4103-bd8e-a850ab3bdc14,6b8d128f-ed51-496d-a965-6614476f8256,e3c514ae-f813-470e-9c91-d5baf5ffcf16,-1,"{""Paula Mason flickers! Paula Mason and Allison Abbott switched teams in the feedback!""}",36964,105bc3ff-1320-4e37-8ef0-8d595cb95dd0,3,2020-09-04 11:20:11.206,2020-09-23 23:03:46.645,1068f44b-34a0-42d8-a92e-2be748681a6f,0,-1,155603,1068f44b-34a0-42d8-a92e-2be748681a6f,2020-08-30 19:18:18.939,2020-09-23 23:40:01.060602,Allison Abbott,False,f261e62a-e13f-15a4-bee1-79cffdfb3e6b,0.804032911297631,0.270360442508648,0.250456013642749,0.218973948287716,0.915079263848471,0.289378669133596,0.67245670576457,1.01404610166742,0.521829306739934,0.798170623895912,0.667301204555796,0.780962257703758,0.789301289593345,0.314855754360284,0.969709784770843,0.85827055904087,0.841113778383192,0.164630617967421,0.506256414446559,0.297621345136485,0.440156229845802,0.1,0.314052818275117,0.408489758251205,0.491361758383819,0.061573116265278,10,3,53,True,,,Rolling around,1,8,allison-abbott,-1,0,-1,-1,-1,-1
Reality flickers in the feedback. Things look different ... Marco Stink is now up to bat.,b39b5aae-8571-4c90-887a-6a00f2a2f6fd,449267,2020-09-24 05:21:17.119834,ecd85fa3-75da-4386-802a-2cd39b58dcab,DOUBLE,69,7,False,1,87e6ae4b-67de-4973-aa56-0fc9835a1e1e,adc5b394-8f76-416d-9ce9-813706877b84,c17a4397-4dcc-440e-8c53-d897e971cae9,b024e975-1c4a-4575-8936-a3754a08806a,5,4,3,3,0,"{B,B,X}",0,2,0,False,False,0,True,2,0,False,False,0,False,False,False,UNKNOWN,False,0,2,False,"{""Reality flickers in the feedback. Things look different ... Marco Stink is now up to bat."",""Ball. 1-0"",""Ball. 2-0"",""Marco Stink hits a Double!""}",NULL,7,61,False,{},False,{},4,4,4,4,-1,ecd85fa3-75da-4386-802a-2cd39b58dcab,61,7,NULL,0.466689,0.533311,12,2,3,False,adc5b394-8f76-416d-9ce9-813706877b84,b024e975-1c4a-4575-8936-a3754a08806a,7,4,8,True,False,b67e9bbb-1495-4e1b-b517-f1444b0a6c8b,4ae9d46a-5408-460a-84fb-cbd8d03fff6c,bf54f64b-24dd-4093-9590-83a692080267,7663c3ca-40a1-4f13-a430-14637dce797a,c17a4397-4dcc-440e-8c53-d897e971cae9,-1,"{""Dickerson Morse flickers! Dickerson Morse and Marco Stink switched teams in the feedback!""}",36776,b024e975-1c4a-4575-8936-a3754a08806a,8,2020-07-29 23:13:26.051,2020-09-24 05:21:21.204,87e6ae4b-67de-4973-aa56-0fc9835a1e1e,0,-1,155251,87e6ae4b-67de-4973-aa56-0fc9835a1e1e,2020-08-30 07:25:58.947,2020-09-24 05:30:00.989154,Marco Stink,False,11c6d415-ab03-6cc1-5157-03f017234382,0.768788610796117,1.08896287374416,0.399762246457814,0.889052808375107,1.1726773161848,0.797592863561908,1.16491156504595,0.667578439859862,0.25942069017083,0.863599786030836,0.245838071240109,0.401274758853084,0.907858973045541,0.422794137481155,0.484992803636635,0.564581386208397,1.07061160014871,0.987555965360418,0.286545270352292,1.09904165352076,0.306217617640293,0.1,0.545443908048743,0.97883673846218,0.675307577987094,0.704629595387018,11,6,32,False,,,Repenting,11,5,marco-stink,-1,0,-1,-1,-1,-1
Reality flickers in the feedback. Things look different ... Paula Mason is now up to bat.,5bcfb3ff-5786-4c6c-964c-5c325fcc48d7,458581,2020-09-24 14:25:44.109709,e092a120-435a-44bb-803a-ebe9d7c87619,OUT,75,7,False,0,c0177f76-67fc-4316-b650-894159dede45,747b8e4a-7e50-4638-a973-ea7950a3e739,e3c514ae-f813-470e-9c91-d5baf5ffcf16,105bc3ff-1320-4e37-8ef0-8d595cb95dd0,11,7,3,3,0,"{B,X}",1,1,0,False,False,0,True,0,0,False,False,1,False,False,False,FLY,False,0,0,False,"{""Reality flickers in the feedback. Things look different ... Paula Mason is now up to bat."",""Ball. 1-1"",""Paula Mason hit a flyout to Paula Turnip.""}",NULL,7,70,False,{},False,{},4,4,4,4,-1,e092a120-435a-44bb-803a-ebe9d7c87619,70,7,NULL,0.476674,0.523326,12,2,3,False,747b8e4a-7e50-4638-a973-ea7950a3e739,105bc3ff-1320-4e37-8ef0-8d595cb95dd0,13,7,8,True,False,b67e9bbb-1495-4e1b-b517-f1444b0a6c8b,4ae9d46a-5408-460a-84fb-cbd8d03fff6c,89c35ab3-507d-4ca6-a0b0-572f899bd3ff,1db2f602-64b1-4a5c-8697-1932cc2c6df1,e3c514ae-f813-470e-9c91-d5baf5ffcf16,-1,"{""Paula Turnip flickers! Paula Turnip and Paula Mason switched teams in the feedback!""}",37124,105bc3ff-1320-4e37-8ef0-8d595cb95dd0,3,2020-09-23 23:03:46.645,2020-09-24 14:25:46.611,c0177f76-67fc-4316-b650-894159dede45,0,-1,156772,c0177f76-67fc-4316-b650-894159dede45,2020-09-23 23:40:00.242656,2020-09-24 14:35:01.082,Paula Mason,False,147bed47-bea6-f572-6489-d5937bec4afd,0.09,0.766741462528667,0.277884983793073,0.692227778572287,0.686207762174351,0.09,0.982482741934494,0.09,0.75598161646231,0.846085514903897,0.827057422194885,0.608965372260731,0.483643611451782,0.123261110116871,0.646089120971773,0.01,0.795920034451561,0.233773134125859,0.450649232384036,0.48238270206788,0.652437588412849,0.1,0.559006863381855,0.540200602115129,0.514443916441798,0.066912297339568,11,5,93,True,,,Signing autographs,6,10,paula-mason,-1,0,-1,-1,-1,-1
Reality flickers in the feedback. Things look different ... Alyssa Harrell is now up to bat.,32810dca-825c-4dbc-8b65-0702794c424e,468991,2020-09-25 09:04:13.617535,6e1f9a8c-6232-4964-ac65-2f83a5281ab8,OUT,12,1,True,2,80de2b05-e0d4-4d33-9297-9951b2b5c950,23e4cbc1-e9cd-47fa-a35b-bfa06f726cb7,e6114fd4-a11d-4f6c-b823-65691bb2d288,979aee4a-6d80-4863-bf1c-ee1a78e06024,0,1,3,3,0,"{F,X}",2,1,1,False,False,0,True,0,0,False,False,1,False,False,False,GROUNDER,False,0,0,False,"{""Reality flickers in the feedback. Things look different ... Alyssa Harrell is now up to bat."",""Foul Ball. 1-2"",""Alyssa Harrell hit a ground out to Baldwin Breadwinner.""}",NULL,7,89,False,{},False,{},4,4,4,4,-1,6e1f9a8c-6232-4964-ac65-2f83a5281ab8,89,7,NULL,0.43913,0.56087,12,3,3,False,979aee4a-6d80-4863-bf1c-ee1a78e06024,23e4cbc1-e9cd-47fa-a35b-bfa06f726cb7,4,9,8,False,False,b67e9bbb-1495-4e1b-b517-f1444b0a6c8b,4ae9d46a-5408-460a-84fb-cbd8d03fff6c,b59117ca-9569-4cee-9dc7-caa73dbab9fc,1732e623-ffc2-40f0-87ba-fdcf97131f1f,e6114fd4-a11d-4f6c-b823-65691bb2d288,-1,"{""Eduardo Woodman flickers! Eduardo Woodman and Alyssa Harrell switched teams in the feedback!"",""Eduardo Woodman flickers! Eduardo Woodman and Alyssa Harrell switched teams in the feedback!"",""James Mora is Partying!""}",37077,979aee4a-6d80-4863-bf1c-ee1a78e06024,7,2020-09-17 17:06:06.348,2020-09-25 09:04:14.174,80de2b05-e0d4-4d33-9297-9951b2b5c950,0,-1,156448,80de2b05-e0d4-4d33-9297-9951b2b5c950,2020-09-17 17:35:00.612,2020-09-25 09:30:00.445342,Alyssa Harrell,False,140a843d-4f2d-9462-d247-e4d6e0f8ac0b,1.01977251514065,0.778449165893728,0.658753195875241,0.952724209689707,0.183886456850951,0.092212860776908,0.312705243370742,0.295850628289317,0.312721006538408,0.290280255184728,0.758124991028602,0.227315915955787,0.515985945473217,1.02526033620849,0.669481283643337,0.212608812552268,0.069077664964356,0.708816180437525,0.958428294993273,0.84510254228229,0.642817428992162,0.1,0.731938703695573,0.13,0.502457678122981,0.763897809293015,12,3,10,True,,,Landscapes,4,2,alyssa-harrell,-1,0,-1,-1,-1,-1
Reality flickers in the feedback. Things look different ... Alyssa Harrell is now up to bat.,32810dca-825c-4dbc-8b65-0702794c424e,471074,2020-09-25 09:12:41.608226,6e1f9a8c-6232-4964-ac65-2f83a5281ab8,OUT,36,3,False,2,80de2b05-e0d4-4d33-9297-9951b2b5c950,979aee4a-6d80-4863-bf1c-ee1a78e06024,1732e623-ffc2-40f0-87ba-fdcf97131f1f,23e4cbc1-e9cd-47fa-a35b-bfa06f726cb7,2,4,3,3,0,{X},1,0,0,False,False,0,True,0,0,False,False,1,False,False,False,GROUNDER,False,0,0,False,"{""Reality flickers in the feedback. Things look different ... Alyssa Harrell is now up to bat."",""Alyssa Harrell hit a ground out to Summers Pony.""}",NULL,7,89,False,{},False,{},4,4,4,4,-1,6e1f9a8c-6232-4964-ac65-2f83a5281ab8,89,7,NULL,0.43913,0.56087,12,3,3,False,979aee4a-6d80-4863-bf1c-ee1a78e06024,23e4cbc1-e9cd-47fa-a35b-bfa06f726cb7,4,9,8,False,False,b67e9bbb-1495-4e1b-b517-f1444b0a6c8b,4ae9d46a-5408-460a-84fb-cbd8d03fff6c,b59117ca-9569-4cee-9dc7-caa73dbab9fc,1732e623-ffc2-40f0-87ba-fdcf97131f1f,e6114fd4-a11d-4f6c-b823-65691bb2d288,-1,"{""Eduardo Woodman flickers! Eduardo Woodman and Alyssa Harrell switched teams in the feedback!"",""Eduardo Woodman flickers! Eduardo Woodman and Alyssa Harrell switched teams in the feedback!"",""James Mora is Partying!""}",37130,23e4cbc1-e9cd-47fa-a35b-bfa06f726cb7,0,2020-09-25 09:04:14.174,2020-09-25 09:12:45.169,80de2b05-e0d4-4d33-9297-9951b2b5c950,0,-1,156448,80de2b05-e0d4-4d33-9297-9951b2b5c950,2020-09-17 17:35:00.612,2020-09-25 09:30:00.445342,Alyssa Harrell,False,140a843d-4f2d-9462-d247-e4d6e0f8ac0b,1.01977251514065,0.778449165893728,0.658753195875241,0.952724209689707,0.183886456850951,0.092212860776908,0.312705243370742,0.295850628289317,0.312721006538408,0.290280255184728,0.758124991028602,0.227315915955787,0.515985945473217,1.02526033620849,0.669481283643337,0.212608812552268,0.069077664964356,0.708816180437525,0.958428294993273,0.84510254228229,0.642817428992162,0.1,0.731938703695573,0.13,0.502457678122981,0.763897809293015,12,3,10,True,,,Landscapes,4,2,alyssa-harrell,-1,0,-1,-1,-1,-1
Reality flickers in the feedback. Things look different ... Farrell Seagull is now up to bat.,81a0889a-4606-4f49-b419-866b57331383,475843,2020-09-26 15:01:01.110023,4811a890-02b1-436a-be28-9be8d53613b5,STRIKEOUT,3,0,True,1,bbf9543f-f100-445a-a467-81d7aab12236,23e4cbc1-e9cd-47fa-a35b-bfa06f726cb7,6f9de777-e812-4c84-915c-ef283c9f0cde,105bc3ff-1320-4e37-8ef0-8d595cb95dd0,0,0,3,3,0,"{B,C,S,B,B,C}",3,3,0,False,False,0,True,0,0,False,False,1,False,False,False,NULL,False,0,0,False,"{""Reality flickers in the feedback. Things look different ... Farrell Seagull is now up to bat."",""Ball. 1-0"",""Strike, looking. 1-1"",""Strike, swinging. 1-2"",""Ball. 2-2"",""Ball. 3-2"",""Farrell Seagull strikes out looking.""}",NULL,7,101,False,{},False,{},4,4,4,4,-1,4811a890-02b1-436a-be28-9be8d53613b5,101,7,NULL,0.577482,0.422518,12,3,5,True,105bc3ff-1320-4e37-8ef0-8d595cb95dd0,23e4cbc1-e9cd-47fa-a35b-bfa06f726cb7,4,5,8,False,False,b67e9bbb-1495-4e1b-b517-f1444b0a6c8b,4ae9d46a-5408-460a-84fb-cbd8d03fff6c,f9c0223a-4c00-4dfc-bd73-a01e8f821449,60026a9d-fc9a-4f5a-94fd-2225398fa3da,6f9de777-e812-4c84-915c-ef283c9f0cde,-1,"{""Summers Pony flickers! Summers Pony and Farrell Seagull switched teams in the feedback!""}",36961,105bc3ff-1320-4e37-8ef0-8d595cb95dd0,0,2020-09-04 11:20:11.206,2020-09-26 15:01:03.709,bbf9543f-f100-445a-a467-81d7aab12236,0,-1,155616,bbf9543f-f100-445a-a467-81d7aab12236,2020-08-30 19:18:18.939,2020-09-26 15:28:00.214524,Farrell Seagull,False,a91a90cf-d7a2-ea4d-139e-5f7cacd50b35,0.248223361876985,0.187034971424727,0.474597851343515,0.597820479838099,0.702133307999598,0.77542140239898,0.16624559044366,0.671240050498073,0.256829367830625,0.474969266713562,0.78550258924112,0.693671929005876,0.010091376284417,0.403999998328642,0.516522340429979,0.182749274570533,0.489834820327868,0.292260045439757,0.994044514323701,0.293945588770513,0.54731477822418,0.1,0.345273247359215,0.056228892080283,0.527642892217488,0.549991779815399,10,7,42,True,,,Photography,4,2,farrell-seagull,-1,0,-1,-1,-1,-1
Reality flickers in the feedback. Things look different ... Valentine Games is now up to bat.,1f159bab-923a-4811-b6fa-02bfde50925a,481427,2020-10-05 21:17:59.305,63b0c486-f2e5-4c99-8fe5-17b8687cbd8d,OUT,52,6,False,0,c675fcdf-6117-49a6-ac32-99a89a3a88aa,878c1bf6-0d21-4659-bfee-916c8314d69c,e111a46d-5ada-4311-ac4f-175cca3357da,9debc64f-74b7-4ae1-a4d6-fce0144b6ea5,0,8,3,3,0,"{F,X}",2,1,1,False,False,0,True,0,0,False,False,1,False,False,False,GROUNDER,False,0,0,False,"{""Reality flickers in the feedback. Things look different ... Valentine Games is now up to bat."",""Foul Ball. 1-2"",""Valentine Games hit a ground out to NaN.""}",NULL,8,5,False,{},False,{},4,4,4,4,-1,63b0c486-f2e5-4c99-8fe5-17b8687cbd8d,5,8,NULL,0.325085,0.674915,12,3,3,False,878c1bf6-0d21-4659-bfee-916c8314d69c,9debc64f-74b7-4ae1-a4d6-fce0144b6ea5,2,10,8,False,False,b67e9bbb-1495-4e1b-b517-f1444b0a6c8b,4ae9d46a-5408-460a-84fb-cbd8d03fff6c,600bbcd9-023a-4080-9e53-bad218f10307,e111a46d-5ada-4311-ac4f-175cca3357da,0bb35615-63f2-4492-80ec-b6b322dc5450,-1,"{""NaN flickers! NaN and Valentine Games switched teams in the feedback!""}",37004,9debc64f-74b7-4ae1-a4d6-fce0144b6ea5,8,2020-09-09 18:16:07.371,2020-10-05 21:18:00.001755,c675fcdf-6117-49a6-ac32-99a89a3a88aa,0,-1,156607,c675fcdf-6117-49a6-ac32-99a89a3a88aa,2020-09-18 21:20:00.471,2020-10-05 21:32:00.238184,Valentine Games,False,1e72be9e-2cc0-0fc4-5d27-19dcf7b4bbab,0.362478479198686,0.446914708197171,0.769458979959579,0.262938148254117,0.348520717826327,1.11577706604186,0.932424293824693,1.19106454026022,0.995473779600001,0.840895036820702,1.22140169644221,1.01312490569923,1.35227049113968,1.14296482970221,1.08071445097747,0.284031796319322,0.912522913857858,0.563464677933971,0.873654602839542,0.529022337921717,0.748938488018459,0.1,0.778946149820713,0.254748541975494,0.338440880173829,0.881480637440198,13,2,58,False,,,Blacking out,9,12,valentine-games,-1,0,-1,-1,-1,-1
Reality flickers in the feedback. Things look different ... Sosa Hayes is now up to bat.,1f159bab-923a-4811-b6fa-02bfde50925a,485855,2020-10-05 22:04:45.129365,71e8b987-e398-43ea-9981-773a3c621adc,OUT,15,1,True,2,b7267aba-6114-4d53-a519-bf6c99f4e3a9,9debc64f-74b7-4ae1-a4d6-fce0144b6ea5,16aff709-e855-47c8-8818-b9ba66e90fe8,57ec08cc-0411-4643-b304-0e80dbc15ac7,1,2,3,3,0,{X},2,0,0,False,False,0,True,0,0,False,False,1,False,False,False,FLY,False,0,0,False,"{""Reality flickers in the feedback. Things look different ... Sosa Hayes is now up to bat."",""Sosa Hayes hit a flyout to Cell Barajas.""}",NULL,8,6,False,{},False,{},4,4,4,4,-1,71e8b987-e398-43ea-9981-773a3c621adc,6,8,NULL,0.333493,0.666507,12,1,3,False,57ec08cc-0411-4643-b304-0e80dbc15ac7,9debc64f-74b7-4ae1-a4d6-fce0144b6ea5,4,7,8,False,False,b67e9bbb-1495-4e1b-b517-f1444b0a6c8b,4ae9d46a-5408-460a-84fb-cbd8d03fff6c,cd25604f-5ec0-4ab6-9a9c-747e6c096fcf,3a8c52d7-4124-4a65-a20d-d51abcbe6540,16aff709-e855-47c8-8818-b9ba66e90fe8,-1,"{""NaN flickers! NaN and Sosa Hayes switched teams in the feedback!""}",36378,57ec08cc-0411-4643-b304-0e80dbc15ac7,3,2020-07-29 08:12:22.438,2020-10-05 22:04:46.228,b7267aba-6114-4d53-a519-bf6c99f4e3a9,0,-1,156319,b7267aba-6114-4d53-a519-bf6c99f4e3a9,2020-09-13 20:55:52.345,2020-10-05 22:38:01.590913,Sosa Hayes,False,291c4902-2ea2-2b17-cd1e-481678cdfca8,0.936720936044573,0.864349840547438,0.184352277383681,0.277244358710333,0.399036998232162,0.168367390305156,0.378774382645189,0.758436422790498,0.65597107212172,0.955165149888101,0.808828503736923,0.282044497708355,0.862129554871542,0.571593962079733,0.589387372282674,0.97,0.797700305716706,0.03,0.132994601013711,0.7852987634321,0.787736173538551,0.1,0.25972489202045,0.898616151604024,0.48406764876395,0.475732932117607,12,6,99,True,,,Standing perfectly still until play begins,4,12,sosa-hayes,-1,0,-1,-1,-1,-1
Reality flickers in the feedback. Things look different ... Betsy Trombone is now pitching.,04e14d7b-5021-4250-a3cd-932ba8e0a889,487680,2020-10-05 22:11:47.122363,22ce4d81-a283-46b4-8787-8dce1de75fbe,OUT,36,4,True,1,32810dca-825c-4dbc-8b65-0702794c424e,23e4cbc1-e9cd-47fa-a35b-bfa06f726cb7,1732e623-ffc2-40f0-87ba-fdcf97131f1f,105bc3ff-1320-4e37-8ef0-8d595cb95dd0,1,0,3,3,0,{X},0,0,0,False,False,0,True,0,0,False,False,1,False,False,False,GROUNDER,False,0,0,False,"{""Eduardo Woodman batting for the Pies."",""Reality flickers in the feedback. Things look different ... Betsy Trombone is now pitching."",""Eduardo Woodman hit a ground out to Oliver Notarobot.""}",NULL,8,6,False,{},False,{},4,4,4,4,-1,22ce4d81-a283-46b4-8787-8dce1de75fbe,6,8,NULL,0.522789,0.477211,12,1,3,False,105bc3ff-1320-4e37-8ef0-8d595cb95dd0,23e4cbc1-e9cd-47fa-a35b-bfa06f726cb7,7,5,8,True,False,b67e9bbb-1495-4e1b-b517-f1444b0a6c8b,4ae9d46a-5408-460a-84fb-cbd8d03fff6c,e146e7bb-5e03-4fc9-99e0-d813d951105d,1732e623-ffc2-40f0-87ba-fdcf97131f1f,b082ca6e-eb11-4eab-8d6a-30f8be522ec4,-1,"{""Jaylen Hotdogfingers hits Kennedy Cena with a pitch! Kennedy Cena is now Repeating!"",""Jaylen Hotdogfingers flickers! Jaylen Hotdogfingers and Betsy Trombone switched teams in the feedback!""}",36309,23e4cbc1-e9cd-47fa-a35b-bfa06f726cb7,0,2020-07-29 08:12:22.438,2020-10-05 22:11:54.452,1732e623-ffc2-40f0-87ba-fdcf97131f1f,1,-1,156330,1732e623-ffc2-40f0-87ba-fdcf97131f1f,2020-09-13 20:55:52.863,2020-10-05 22:38:01.333483,Betsy Trombone,False,f22a2873-1e7b-3a5d-0d03-958e8fb58505,0.094733447941299,0.041249023320803,0.392972322220477,0.866459379458351,0.629130002120042,0.617331752868497,0.091729422232156,0.808065582951885,0.050871144588766,0.508283058858797,0.138347101933102,0.286166570799528,0.671015491275146,0.567244626443572,0.591329700719609,0.150815325230197,0.920057386152106,0.317520732908734,0.704190020166491,0.111093796039179,0.423973837128484,0.1,0.088461626203029,0.814553176680423,0.144357100156814,0.934924793480022,12,3,22,True,,,Breadmaking,4,10,betsy-trombone,-1,0,-1,-1,-1,-1
Reality flickers in the feedback. Things look different ... Henry Marshallow is now pitching.,04e14d7b-5021-4250-a3cd-932ba8e0a889,493162,2020-10-06 12:10:05.111763,adde79a8-06fd-431e-a1d9-7aa4ced53755,OUT,34,2,False,2,8b53ce82-4b1a-48f0-999d-1774b3719202,105bc3ff-1320-4e37-8ef0-8d595cb95dd0,c6e2e389-ed04-4626-a5ba-fe398fe89568,23e4cbc1-e9cd-47fa-a35b-bfa06f726cb7,5,2,3,3,0,"{C,X}",1,0,0,False,False,0,True,0,0,False,False,1,False,False,False,FLY,False,0,0,False,"{""Oliver Mueller batting for the Garages."",""Strike, looking. 0-1"",""Reality flickers in the feedback. Things look different ... Henry Marshallow is now pitching."",""Oliver Mueller hit a flyout to Yeong-Ho Benitez.""}",NULL,8,20,False,{},False,{},4,4,4,4,-1,adde79a8-06fd-431e-a1d9-7aa4ced53755,20,8,NULL,0.441013,0.558987,12,3,3,False,105bc3ff-1320-4e37-8ef0-8d595cb95dd0,23e4cbc1-e9cd-47fa-a35b-bfa06f726cb7,7,11,8,False,False,b67e9bbb-1495-4e1b-b517-f1444b0a6c8b,4ae9d46a-5408-460a-84fb-cbd8d03fff6c,f56fd176-5471-4709-af7a-672fa4135b21,04e14d7b-5021-4250-a3cd-932ba8e0a889,6f9de777-e812-4c84-915c-ef283c9f0cde,-1,"{""Jaylen Hotdogfingers hits Quack Enjoyable with a pitch! Quack Enjoyable is now Repeating!"",""Jaylen Hotdogfingers hits Greer Gwiffin with a pitch! Greer Gwiffin is now Repeating!"",""Jaylen Hotdogfingers hits Theodore Duende with a pitch! Theodore Duende is now Repeating!"",""Jaylen Hotdogfingers flickers! Jaylen Hotdogfingers and Henry Marshallow switched teams in the feedback!""}",36815,105bc3ff-1320-4e37-8ef0-8d595cb95dd0,4,2020-08-07 05:27:12.488,2020-10-06 12:10:19.164505,c6e2e389-ed04-4626-a5ba-fe398fe89568,1,-1,155621,c6e2e389-ed04-4626-a5ba-fe398fe89568,2020-08-30 19:18:18.939,2020-10-06 12:34:00.628649,Henry Marshallow,False,90c802c4-59fc-4d42-25ef-a4304c25947e,0.131602369170878,0.543017340464751,0.813433450992078,0.829296412718155,0.496421786200333,0.649557932477441,0.799506430508155,0.433277124143804,0.443582740227763,0.0890944366998,0.571886214253991,0.795234482745794,0.291088259656658,0.589267116275294,1.07702033013049,0.750067981972286,0.804182168062993,0.412850151076128,0.612528340753491,0.992949588541913,0.057691181424355,0.1,0.169791646205488,0.438783180317674,0.710974678992082,0.799041835976985,11,5,39,False,,,Hyperbolic time chamber,12,9,henry-marshallow,-1,0,-1,-1,-1,-1
Reality flickers in the feedback. Things look different ... Ortiz Morse is now pitching.,04e14d7b-5021-4250-a3cd-932ba8e0a889,518950,2020-10-07 20:16:24.513,b74fd813-11b7-4de9-81c3-881546071b06,WALK,57,6,False,0,9be56060-3b01-47aa-a090-d072ef109fbf,eb67ae5e-c4bf-46ca-bbbc-425cd34182ff,d8742d68-8fce-4d52-9a49-f4e33bd2a6fc,105bc3ff-1320-4e37-8ef0-8d595cb95dd0,0,4,3,3,0,"{C,B,B,B,B}",1,4,0,True,False,0,True,0,0,False,False,0,False,False,False,NULL,False,0,0,False,"{""Bottom of 7, Canada Moist Talkers batting."",""Jess Koch batting for the Moist Talkers."",""Strike, looking. 0-1"",""Reality flickers in the feedback. Things look different ... Ortiz Morse is now pitching."",""Ball. 1-1"",""Ball. 2-1"",""Ball. 3-1"",""Jess Koch draws a walk.""}",NULL,8,52,False,{},False,{},4,4,4,4,-1,b74fd813-11b7-4de9-81c3-881546071b06,52,8,NULL,0.386596,0.613404,12,2,3,False,eb67ae5e-c4bf-46ca-bbbc-425cd34182ff,105bc3ff-1320-4e37-8ef0-8d595cb95dd0,3,4,8,False,False,b67e9bbb-1495-4e1b-b517-f1444b0a6c8b,4ae9d46a-5408-460a-84fb-cbd8d03fff6c,4878d9ea-03cd-4ae7-9bad-4d83625c9a3d,04e14d7b-5021-4250-a3cd-932ba8e0a889,a691f2ba-9b69-41f8-892c-1acd42c336e4,-1,"{""Jaylen Hotdogfingers hits Eugenia Garbage with a pitch! Eugenia Garbage is now Repeating!"",""Jaylen Hotdogfingers flickers! Jaylen Hotdogfingers and Ortiz Morse switched teams in the feedback!""}",36737,eb67ae5e-c4bf-46ca-bbbc-425cd34182ff,3,2020-07-29 08:12:22.438,2020-10-07 20:16:40.517,d8742d68-8fce-4d52-9a49-f4e33bd2a6fc,1,-1,156942,d8742d68-8fce-4d52-9a49-f4e33bd2a6fc,2020-09-25 19:10:00.475,2020-10-07 20:42:00.46925,Ortiz Morse,False,38f21ea5-4497-2ad7-4029-ed408c7b7b48,0.24053263957703,0.499932663742078,0.901554367061561,0.55194019606074,0.152691786743621,0.075031437709023,0.164011669326172,0.480446101886561,0.348933575980362,0.325882956847502,0.851785694617164,0.361334294749673,0.903853855062165,0.424268825684169,0.858185379955275,0.806371828336387,0.073340595918426,0.676852677525872,0.789422065244803,0.628237161776,0.191860620245583,0.1,0.536387399434085,0.50335137071214,0.751926114194416,0.440528605311388,10,6,90,True,,,Molting,9,11,ortiz-morse,-1,0,-1,-1,-1,-1
Reality flickers in the feedback. Things look different ... Beasley Gloom is now pitching.,04e14d7b-5021-4250-a3cd-932ba8e0a889,529041,2020-10-08 07:21:31.210551,9ff421ce-f25c-4c0e-8d93-f05c1bae2977,CAUGHT_STEALING,71,8,False,2,2175cda0-a427-40fd-b497-347edcc1cd61,bfd38797-8404-4b38-8b82-341da28b1f83,36786f44-9066-4028-98d9-4fa84465ab9e,eb67ae5e-c4bf-46ca-bbbc-425cd34182ff,0,10,3,3,0,"{F,S}",2,0,1,False,False,0,False,0,0,False,False,1,False,False,False,NULL,False,0,0,False,"{""Hotbox Sato batting for the Shoe Thieves."",""Foul Ball. 0-1"",""Reality flickers in the feedback. Things look different ... Beasley Gloom is now pitching."",""Strike, swinging. 0-2"",""Blood Hamburger gets caught stealing second base.""}",NULL,8,63,False,{},False,{},4,4,4,4,-1,9ff421ce-f25c-4c0e-8d93-f05c1bae2977,63,8,NULL,0.529342,0.470658,12,1,3,False,bfd38797-8404-4b38-8b82-341da28b1f83,eb67ae5e-c4bf-46ca-bbbc-425cd34182ff,0,10,8,False,False,b67e9bbb-1495-4e1b-b517-f1444b0a6c8b,4ae9d46a-5408-460a-84fb-cbd8d03fff6c,c0100ef1-0732-4da9-bb52-b1288f6d805a,04e14d7b-5021-4250-a3cd-932ba8e0a889,03f920cc-411f-44ef-ae66-98a44e883291,-1,"{""Jaylen Hotdogfingers flickers! Jaylen Hotdogfingers and Beasley Gloom switched teams in the feedback!""}",36686,bfd38797-8404-4b38-8b82-341da28b1f83,2,2020-07-29 08:12:22.438,2020-10-08 07:21:42.893736,36786f44-9066-4028-98d9-4fa84465ab9e,1,-1,156336,36786f44-9066-4028-98d9-4fa84465ab9e,2020-09-13 20:55:52.863,2020-10-08 07:36:00.353386,Beasley Gloom,False,78914873-7045-88c8-7df0-26cf00b6584d,0.242218939768542,0.250412834886565,0.146528362760589,0.107129645226565,0.357084146393551,0.368556485633793,0.548034526500338,0.20221093297507,0.8190445461439,0.567343720360959,0.363740269083902,0.474841310444615,0.371818318898195,0.695920632549737,0.405756417007743,0.873210783570685,0.853101106355033,0.198317897280054,0.301245132748831,0.247685841374156,0.183607997939428,0.1,1.01556108376167,0.03,0.650429190640889,0.80981746216547,13,3,20,True,,,Painting,11,7,beasley-gloom,-1,0,-1,-1,-1,-1
Reality flickers in the feedback. Things look different ... Gabriel Griffith is now pitching.,3a96d76a-c508-45a0-94a0-8f64cd6beeb4,531176,2020-10-08 12:01:07.109032,c54161f2-133c-4dd8-ad3b-9db607ee22ef,STRIKEOUT,4,0,True,2,1068f44b-34a0-42d8-a92e-2be748681a6f,b024e975-1c4a-4575-8936-a3754a08806a,94baa9ac-ff96-4f56-a987-10358e917d91,979aee4a-6d80-4863-bf1c-ee1a78e06024,0,0,3,3,0,"{F,S,S}",3,0,1,False,False,0,True,0,0,False,False,1,False,False,False,NULL,False,0,0,False,"{""Allison Abbott batting for the Steaks."",""Foul Ball. 0-1"",""Reality flickers in the feedback. Things look different ... Gabriel Griffith is now pitching."",""Strike, swinging. 0-2"",""Allison Abbott struck out swinging.""}",NULL,8,68,False,{},False,{},4,4,4,4,-1,c54161f2-133c-4dd8-ad3b-9db607ee22ef,68,8,NULL,0.384014,0.615986,12,3,3,False,979aee4a-6d80-4863-bf1c-ee1a78e06024,b024e975-1c4a-4575-8936-a3754a08806a,2,7,8,False,False,b67e9bbb-1495-4e1b-b517-f1444b0a6c8b,4ae9d46a-5408-460a-84fb-cbd8d03fff6c,da4c0514-68e3-4229-8332-529c9fa52617,042962c8-4d8b-44a6-b854-6ccef3d82716,94baa9ac-ff96-4f56-a987-10358e917d91,-1,"{""Sixpack Dogwalker flickers! Sixpack Dogwalker and Gabriel Griffith switched teams in the feedback!""}",36613,b024e975-1c4a-4575-8936-a3754a08806a,4,2020-07-29 08:12:22.438,2020-10-08 12:01:18.863313,94baa9ac-ff96-4f56-a987-10358e917d91,1,-1,155253,94baa9ac-ff96-4f56-a987-10358e917d91,2020-08-30 07:25:58.947,2020-10-08 12:30:04.345096,Gabriel Griffith,False,a2ec4022-29ca-46d8-5a5f-7442c5b0011c,0.790792820848512,0.349834464356193,0.101402024318928,0.784293067573463,0.279534304684411,0.718347059740677,0.684133490888429,0.823152665999911,0.405131341382396,0.504857391711641,0.984971543985634,0.428187061196841,0.637237355868651,0.920991785666076,0.209518042528802,0.436732696280298,0.819542961138483,0.226106901548013,0.233231059428857,0.166623242512744,0.429773120269759,0.1,0.782830570913058,0.107131225081269,0.391116538249325,0.295904335618781,10,4,99,False,,,Counting,3,11,gabriel-griffith,-1,0,-1,-1,-1,-1
Reality flickers in the feedback. Things look different ... Kennedy Meh is now up to bat.,1f159bab-923a-4811-b6fa-02bfde50925a,558456,2020-10-09 17:21:17.045246,14b2f6ee-18ad-49f9-9071-36e6db203390,OUT,61,7,True,1,23110c0f-2cf9-4d9c-ab2d-634f2f18867e,57ec08cc-0411-4643-b304-0e80dbc15ac7,7c5ae357-e079-4427-a90f-97d164c7262e,b72f3061-f573-40d7-832a-5ad475bd7909,2,2,3,3,0,{X},0,0,0,False,False,0,True,0,0,False,False,1,False,False,False,GROUNDER,False,0,0,False,"{""Reality flickers in the feedback. Things look different ... Kennedy Meh is now up to bat."",""Kennedy Meh hit a ground out to Knight Urlacher.""}",NULL,8,97,False,{},False,{},4,4,4,4,-1,14b2f6ee-18ad-49f9-9071-36e6db203390,97,8,NULL,0.437492,0.562508,12,2,3,False,b72f3061-f573-40d7-832a-5ad475bd7909,57ec08cc-0411-4643-b304-0e80dbc15ac7,2,5,10,False,False,b67e9bbb-1495-4e1b-b517-f1444b0a6c8b,4ae9d46a-5408-460a-84fb-cbd8d03fff6c,4d253ecb-1b04-4053-866a-6568e0795a80,7007cbd3-7c7b-44fd-9d6b-393e82b1c06e,7c5ae357-e079-4427-a90f-97d164c7262e,-1,"{""NaN is Partying!"",""NaN flickers! NaN and Kennedy Meh switched teams in the feedback!"",""Burke Gonzales is Partying!"",""Lawrence Horne is Partying!"",""Cell Barajas is Partying!"",""Parker Meng is Partying!""}",37098,b72f3061-f573-40d7-832a-5ad475bd7909,8,2020-09-20 19:15:35.88,2020-10-09 17:21:17.192,23110c0f-2cf9-4d9c-ab2d-634f2f18867e,0,-1,157078,23110c0f-2cf9-4d9c-ab2d-634f2f18867e,2020-10-09 00:06:00.522942,2020-10-09 17:34:19.461363,Kennedy Meh,False,e42b7998-3c72-a40c-0b8a-e1e31a50464e,0.506330550812269,0.01,0.108625158244679,0.877572733947032,0.157056793314779,0.740621950444848,0.568583415318241,0.01,0.305386766695007,0.01,0.144892168179334,0.01,0.01,0.950373717896678,0.303397812048917,0.724165004743151,0.679778012291155,0.57940376147553,0.195135367389012,0.792577844384085,0.01,0.1,0.078359758613666,0.785685174427993,0.977039051783221,0.281349935891069,11,7,59,True,,,Napping,6,1,kennedy-meh,-1,0,-1,-1,-1,-1
